id_origin,id_destino,times
"101 / Manhattan/ ""Civic Center - Wall Street - Governors Island - Liberty Island - Ellis Island - Tribeca""","105 / Manhattan/ ""Midtown - Times Square - Herald Square - Midtown South""",53
"101 / Manhattan/ ""Civic Center - Wall Street - Governors Island - Liberty Island - Ellis Island - Tribeca""","306 / Brooklyn/ ""Red Hook - Park Slope - Gowanus - Carroll Gardens - Cobble Hill""",2
"101 / Manhattan/ ""Civic Center - Wall Street - Governors Island - Liberty Island - Ellis Island - Tribeca""","102 / Manhattan/ ""Greenwich Village - Noho - Soho - Little Italy""",63
"101 / Manhattan/ ""Civic Center - Wall Street - Governors Island - Liberty Island - Ellis Island - Tribeca""","483 / Queens/ ""Airport""",7
"101 / Manhattan/ ""Civic Center - Wall Street - Governors Island - Liberty Island - Ellis Island - Tribeca""","108 / Manhattan/ ""Upper East Side - Lenox Hill - Yorkville - Roosevelt Island""",20
"101 / Manhattan/ ""Civic Center - Wall Street - Governors Island - Liberty Island - Ellis Island - Tribeca""","104 / Manhattan/ ""Chelsea - Clinton""",28
"101 / Manhattan/ ""Civic Center - Wall Street - Governors Island - Liberty Island - Ellis Island - Tribeca""","101 / Manhattan/ ""Civic Center - Wall Street - Governors Island - Liberty Island - Ellis Island - Tribeca""",55
"101 / Manhattan/ ""Civic Center - Wall Street - Governors Island - Liberty Island - Ellis Island - Tribeca""","106 / Manhattan/ ""Murray Hill - East Midtown - Stuyvesant Town""",26
"101 / Manhattan/ ""Civic Center - Wall Street - Governors Island - Liberty Island - Ellis Island - Tribeca""","227 / Bronx/ ""Park""",1
"101 / Manhattan/ ""Civic Center - Wall Street - Governors Island - Liberty Island - Ellis Island - Tribeca""","103 / Manhattan/ ""Lower East Side - Chinatown - Two Bridges""",30
"101 / Manhattan/ ""Civic Center - Wall Street - Governors Island - Liberty Island - Ellis Island - Tribeca""","401 / Queens/ ""Astoria & Long Island City""",5
"101 / Manhattan/ ""Civic Center - Wall Street - Governors Island - Liberty Island - Ellis Island - Tribeca""","311 / Brooklyn/ ""Bensonhurst - Mapleton - Bath Beach - Gravesend""",1
"101 / Manhattan/ ""Civic Center - Wall Street - Governors Island - Liberty Island - Ellis Island - Tribeca""","302 / Brooklyn/ ""Downtown Brooklyn - Fort Greene - Brooklyn Heights - Boerum Hill""",7
"101 / Manhattan/ ""Civic Center - Wall Street - Governors Island - Liberty Island - Ellis Island - Tribeca""","107 / Manhattan/ ""Lincoln Square - Upper West Side""",7
"101 / Manhattan/ ""Civic Center - Wall Street - Governors Island - Liberty Island - Ellis Island - Tribeca""","406 / Queens/ ""Rego Park & Forest Hills""",1
"101 / Manhattan/ ""Civic Center - Wall Street - Governors Island - Liberty Island - Ellis Island - Tribeca""","301 / Brooklyn/ ""Greenpoint - Williamsburg""",7
"101 / Manhattan/ ""Civic Center - Wall Street - Governors Island - Liberty Island - Ellis Island - Tribeca""","480 / Queens/ ""Airport""",4
"101 / Manhattan/ ""Civic Center - Wall Street - Governors Island - Liberty Island - Ellis Island - Tribeca""","410 / Queens/ ""Howard Beach - Ozone Park - South Ozone Park""",1
"101 / Manhattan/ ""Civic Center - Wall Street - Governors Island - Liberty Island - Ellis Island - Tribeca""","201 / Bronx/ ""Mott Haven - Melrose - Port Morris""",1
"101 / Manhattan/ ""Civic Center - Wall Street - Governors Island - Liberty Island - Ellis Island - Tribeca""","402 / Queens/ ""Sunnyside & Woodside""",3
"101 / Manhattan/ ""Civic Center - Wall Street - Governors Island - Liberty Island - Ellis Island - Tribeca""","109 / Manhattan/ ""West Harlem - Morningside Heights - Manhattanville - Hamilton Heights""",3
"101 / Manhattan/ ""Civic Center - Wall Street - Governors Island - Liberty Island - Ellis Island - Tribeca""","403 / Queens/ ""Jackson Heights - East Elmhurst - North Corona""",2
"101 / Manhattan/ ""Civic Center - Wall Street - Governors Island - Liberty Island - Ellis Island - Tribeca""","304 / Brooklyn/ ""Bushwick""",1
"101 / Manhattan/ ""Civic Center - Wall Street - Governors Island - Liberty Island - Ellis Island - Tribeca""","110 / Manhattan/ ""Central Harlem""",3
"101 / Manhattan/ ""Civic Center - Wall Street - Governors Island - Liberty Island - Ellis Island - Tribeca""","307 / Brooklyn/ ""Sunset Park - Windsor Terrace""",3
"101 / Manhattan/ ""Civic Center - Wall Street - Governors Island - Liberty Island - Ellis Island - Tribeca""","308 / Brooklyn/ ""Crown Heights - Prospect Heights - Weeksville""",2
"101 / Manhattan/ ""Civic Center - Wall Street - Governors Island - Liberty Island - Ellis Island - Tribeca""","309 / Brooklyn/ ""Crown Heights South - Prospect Lefferts Gardens - Wingate""",1
"101 / Manhattan/ ""Civic Center - Wall Street - Governors Island - Liberty Island - Ellis Island - Tribeca""","408 / Queens/ ""Fresh Meadows - Kew Gardens Hills - Jamaica Hills""",1
"101 / Manhattan/ ""Civic Center - Wall Street - Governors Island - Liberty Island - Ellis Island - Tribeca""","111 / Manhattan/ ""East Harlem""",2
"101 / Manhattan/ ""Civic Center - Wall Street - Governors Island - Liberty Island - Ellis Island - Tribeca""","303 / Brooklyn/ ""Bedford Stuyvesant - Tompkins Park North - Stuyvesant Heights""",1
"102 / Manhattan/ ""Greenwich Village - Noho - Soho - Little Italy""","105 / Manhattan/ ""Midtown - Times Square - Herald Square - Midtown South""",202
"102 / Manhattan/ ""Greenwich Village - Noho - Soho - Little Italy""","102 / Manhattan/ ""Greenwich Village - Noho - Soho - Little Italy""",154
"102 / Manhattan/ ""Greenwich Village - Noho - Soho - Little Italy""","301 / Brooklyn/ ""Greenpoint - Williamsburg""",26
"102 / Manhattan/ ""Greenwich Village - Noho - Soho - Little Italy""","107 / Manhattan/ ""Lincoln Square - Upper West Side""",50
"102 / Manhattan/ ""Greenwich Village - Noho - Soho - Little Italy""","101 / Manhattan/ ""Civic Center - Wall Street - Governors Island - Liberty Island - Ellis Island - Tribeca""",83
"102 / Manhattan/ ""Greenwich Village - Noho - Soho - Little Italy""","104 / Manhattan/ ""Chelsea - Clinton""",113
"102 / Manhattan/ ""Greenwich Village - Noho - Soho - Little Italy""","302 / Brooklyn/ ""Downtown Brooklyn - Fort Greene - Brooklyn Heights - Boerum Hill""",26
"102 / Manhattan/ ""Greenwich Village - Noho - Soho - Little Italy""","112 / Manhattan/ ""Washington Heights - Inwood""",8
"102 / Manhattan/ ""Greenwich Village - Noho - Soho - Little Italy""","406 / Queens/ ""Rego Park & Forest Hills""",4
"102 / Manhattan/ ""Greenwich Village - Noho - Soho - Little Italy""","401 / Queens/ ""Astoria & Long Island City""",23
"102 / Manhattan/ ""Greenwich Village - Noho - Soho - Little Italy""","106 / Manhattan/ ""Murray Hill - East Midtown - Stuyvesant Town""",85
"102 / Manhattan/ ""Greenwich Village - Noho - Soho - Little Italy""","103 / Manhattan/ ""Lower East Side - Chinatown - Two Bridges""",105
"102 / Manhattan/ ""Greenwich Village - Noho - Soho - Little Italy""","306 / Brooklyn/ ""Red Hook - Park Slope - Gowanus - Carroll Gardens - Cobble Hill""",10
"102 / Manhattan/ ""Greenwich Village - Noho - Soho - Little Italy""","304 / Brooklyn/ ""Bushwick""",6
"102 / Manhattan/ ""Greenwich Village - Noho - Soho - Little Italy""","307 / Brooklyn/ ""Sunset Park - Windsor Terrace""",7
"102 / Manhattan/ ""Greenwich Village - Noho - Soho - Little Italy""","108 / Manhattan/ ""Upper East Side - Lenox Hill - Yorkville - Roosevelt Island""",78
"102 / Manhattan/ ""Greenwich Village - Noho - Soho - Little Italy""","308 / Brooklyn/ ""Crown Heights - Prospect Heights - Weeksville""",4
"102 / Manhattan/ ""Greenwich Village - Noho - Soho - Little Italy""","314 / Brooklyn/ ""Flatbush - Ocean Parkway - Midwood""",7
"102 / Manhattan/ ""Greenwich Village - Noho - Soho - Little Italy""","312 / Brooklyn/ ""Borough Park - Ocean Parkway - Kensington""",2
"102 / Manhattan/ ""Greenwich Village - Noho - Soho - Little Italy""","404 / Queens/ ""Elmhurst & Corona""",2
"102 / Manhattan/ ""Greenwich Village - Noho - Soho - Little Italy""","164 / Manhattan/ ""Park""",11
"102 / Manhattan/ ""Greenwich Village - Noho - Soho - Little Italy""","303 / Brooklyn/ ""Bedford Stuyvesant - Tompkins Park North - Stuyvesant Heights""",10
"102 / Manhattan/ ""Greenwich Village - Noho - Soho - Little Italy""","208 / Bronx/ ""Kingsbridge - Riverdale - Marble Hill - Fieldston""",1
"102 / Manhattan/ ""Greenwich Village - Noho - Soho - Little Italy""","402 / Queens/ ""Sunnyside & Woodside""",11
"102 / Manhattan/ ""Greenwich Village - Noho - Soho - Little Italy""","483 / Queens/ ""Airport""",9
"102 / Manhattan/ ""Greenwich Village - Noho - Soho - Little Italy""","403 / Queens/ ""Jackson Heights - East Elmhurst - North Corona""",6
"102 / Manhattan/ ""Greenwich Village - Noho - Soho - Little Italy""","109 / Manhattan/ ""West Harlem - Morningside Heights - Manhattanville - Hamilton Heights""",7
"102 / Manhattan/ ""Greenwich Village - Noho - Soho - Little Italy""","111 / Manhattan/ ""East Harlem""",5
"102 / Manhattan/ ""Greenwich Village - Noho - Soho - Little Italy""","201 / Bronx/ ""Mott Haven - Melrose - Port Morris""",2
"102 / Manhattan/ ""Greenwich Village - Noho - Soho - Little Italy""","480 / Queens/ ""Airport""",10
"102 / Manhattan/ ""Greenwich Village - Noho - Soho - Little Italy""","212 / Bronx/ ""Williamsbridge - Baychester - Woodlawn - Wakefield - Eastchester""",3
"102 / Manhattan/ ""Greenwich Village - Noho - Soho - Little Italy""","310 / Brooklyn/ ""Bay Ridge - Dyker Heights - Fort Hamilton""",3
"102 / Manhattan/ ""Greenwich Village - Noho - Soho - Little Italy""","226 / Bronx/ ""Park""",1
"102 / Manhattan/ ""Greenwich Village - Noho - Soho - Little Italy""","405 / Queens/ ""Maspeth - Middle Village - Ridgewood - Glendale""",3
"102 / Manhattan/ ""Greenwich Village - Noho - Soho - Little Italy""","110 / Manhattan/ ""Central Harlem""",5
"102 / Manhattan/ ""Greenwich Village - Noho - Soho - Little Italy""","309 / Brooklyn/ ""Crown Heights South - Prospect Lefferts Gardens - Wingate""",4
"102 / Manhattan/ ""Greenwich Village - Noho - Soho - Little Italy""","317 / Brooklyn/ ""Flatbush - Rugby - Farragut - Northeast Flatbush""",3
"102 / Manhattan/ ""Greenwich Village - Noho - Soho - Little Italy""","409 / Queens/ ""Woodhaven - Richmond Hill - Kew Gardens""",1
"102 / Manhattan/ ""Greenwich Village - Noho - Soho - Little Italy""","204 / Bronx/ ""Highbridge - Concourse""",2
"102 / Manhattan/ ""Greenwich Village - Noho - Soho - Little Italy""","501 / Staten Island/ ""North Island""",2
"102 / Manhattan/ ""Greenwich Village - Noho - Soho - Little Italy""","481 / Queens/ ""Park""",1
"102 / Manhattan/ ""Greenwich Village - Noho - Soho - Little Italy""","209 / Bronx/ ""Soundview - Castle Hill - Union Port - Parkchester""",1
"102 / Manhattan/ ""Greenwich Village - Noho - Soho - Little Italy""","407 / Queens/ ""Flushing - Whitestone - College Point""",1
"102 / Manhattan/ ""Greenwich Village - Noho - Soho - Little Italy""","411 / Queens/ ""Bayside - Douglaston - Little Neck - Auburndale""",2
"102 / Manhattan/ ""Greenwich Village - Noho - Soho - Little Italy""","413 / Queens/ ""Laurelton - Cambria Heights - Queens Village - Glen Oaks""",1
"102 / Manhattan/ ""Greenwich Village - Noho - Soho - Little Italy""","207 / Bronx/ ""Kingsbridge Heights. - Bedford Park - Fordham - University Heights""",1
"102 / Manhattan/ ""Greenwich Village - Noho - Soho - Little Italy""","313 / Brooklyn/ ""Coney Island - Brighton Beach - Gravesend - Homecrest - Seagate""",1
"103 / Manhattan/ ""Lower East Side - Chinatown - Two Bridges""","105 / Manhattan/ ""Midtown - Times Square - Herald Square - Midtown South""",140
"103 / Manhattan/ ""Lower East Side - Chinatown - Two Bridges""","106 / Manhattan/ ""Murray Hill - East Midtown - Stuyvesant Town""",142
"103 / Manhattan/ ""Lower East Side - Chinatown - Two Bridges""","102 / Manhattan/ ""Greenwich Village - Noho - Soho - Little Italy""",110
"103 / Manhattan/ ""Lower East Side - Chinatown - Two Bridges""","111 / Manhattan/ ""East Harlem""",11
"103 / Manhattan/ ""Lower East Side - Chinatown - Two Bridges""","108 / Manhattan/ ""Upper East Side - Lenox Hill - Yorkville - Roosevelt Island""",62
"103 / Manhattan/ ""Lower East Side - Chinatown - Two Bridges""","310 / Brooklyn/ ""Bay Ridge - Dyker Heights - Fort Hamilton""",4
"103 / Manhattan/ ""Lower East Side - Chinatown - Two Bridges""","107 / Manhattan/ ""Lincoln Square - Upper West Side""",45
"103 / Manhattan/ ""Lower East Side - Chinatown - Two Bridges""","304 / Brooklyn/ ""Bushwick""",7
"103 / Manhattan/ ""Lower East Side - Chinatown - Two Bridges""","101 / Manhattan/ ""Civic Center - Wall Street - Governors Island - Liberty Island - Ellis Island - Tribeca""",47
"103 / Manhattan/ ""Lower East Side - Chinatown - Two Bridges""","103 / Manhattan/ ""Lower East Side - Chinatown - Two Bridges""",107
"103 / Manhattan/ ""Lower East Side - Chinatown - Two Bridges""","301 / Brooklyn/ ""Greenpoint - Williamsburg""",54
"103 / Manhattan/ ""Lower East Side - Chinatown - Two Bridges""","401 / Queens/ ""Astoria & Long Island City""",20
"103 / Manhattan/ ""Lower East Side - Chinatown - Two Bridges""","303 / Brooklyn/ ""Bedford Stuyvesant - Tompkins Park North - Stuyvesant Heights""",18
"103 / Manhattan/ ""Lower East Side - Chinatown - Two Bridges""","104 / Manhattan/ ""Chelsea - Clinton""",83
"103 / Manhattan/ ""Lower East Side - Chinatown - Two Bridges""","308 / Brooklyn/ ""Crown Heights - Prospect Heights - Weeksville""",8
"103 / Manhattan/ ""Lower East Side - Chinatown - Two Bridges""","302 / Brooklyn/ ""Downtown Brooklyn - Fort Greene - Brooklyn Heights - Boerum Hill""",27
"103 / Manhattan/ ""Lower East Side - Chinatown - Two Bridges""","402 / Queens/ ""Sunnyside & Woodside""",15
"103 / Manhattan/ ""Lower East Side - Chinatown - Two Bridges""","202 / Bronx/ ""Hunts Point - Longwood""",1
"103 / Manhattan/ ""Lower East Side - Chinatown - Two Bridges""","309 / Brooklyn/ ""Crown Heights South - Prospect Lefferts Gardens - Wingate""",4
"103 / Manhattan/ ""Lower East Side - Chinatown - Two Bridges""","207 / Bronx/ ""Kingsbridge Heights. - Bedford Park - Fordham - University Heights""",2
"103 / Manhattan/ ""Lower East Side - Chinatown - Two Bridges""","480 / Queens/ ""Airport""",3
"103 / Manhattan/ ""Lower East Side - Chinatown - Two Bridges""","403 / Queens/ ""Jackson Heights - East Elmhurst - North Corona""",5
"103 / Manhattan/ ""Lower East Side - Chinatown - Two Bridges""","483 / Queens/ ""Airport""",5
"103 / Manhattan/ ""Lower East Side - Chinatown - Two Bridges""","307 / Brooklyn/ ""Sunset Park - Windsor Terrace""",8
"103 / Manhattan/ ""Lower East Side - Chinatown - Two Bridges""","412 / Queens/ ""Jamaica - South Jamaica - Hollis - St. Albans""",1
"103 / Manhattan/ ""Lower East Side - Chinatown - Two Bridges""","164 / Manhattan/ ""Park""",6
"103 / Manhattan/ ""Lower East Side - Chinatown - Two Bridges""","306 / Brooklyn/ ""Red Hook - Park Slope - Gowanus - Carroll Gardens - Cobble Hill""",18
"103 / Manhattan/ ""Lower East Side - Chinatown - Two Bridges""","205 / Bronx/ ""Morris Heights - University Heights - Fordham - Mt. Hope""",1
"103 / Manhattan/ ""Lower East Side - Chinatown - Two Bridges""","406 / Queens/ ""Rego Park & Forest Hills""",4
"103 / Manhattan/ ""Lower East Side - Chinatown - Two Bridges""","312 / Brooklyn/ ""Borough Park - Ocean Parkway - Kensington""",3
"103 / Manhattan/ ""Lower East Side - Chinatown - Two Bridges""","414 / Queens/ ""The Rockaways - Broad Channel""",1
"103 / Manhattan/ ""Lower East Side - Chinatown - Two Bridges""","110 / Manhattan/ ""Central Harlem""",8
"103 / Manhattan/ ""Lower East Side - Chinatown - Two Bridges""","405 / Queens/ ""Maspeth - Middle Village - Ridgewood - Glendale""",4
"103 / Manhattan/ ""Lower East Side - Chinatown - Two Bridges""","109 / Manhattan/ ""West Harlem - Morningside Heights - Manhattanville - Hamilton Heights""",6
"103 / Manhattan/ ""Lower East Side - Chinatown - Two Bridges""","411 / Queens/ ""Bayside - Douglaston - Little Neck - Auburndale""",2
"103 / Manhattan/ ""Lower East Side - Chinatown - Two Bridges""","404 / Queens/ ""Elmhurst & Corona""",2
"103 / Manhattan/ ""Lower East Side - Chinatown - Two Bridges""","314 / Brooklyn/ ""Flatbush - Ocean Parkway - Midwood""",3
"103 / Manhattan/ ""Lower East Side - Chinatown - Two Bridges""","208 / Bronx/ ""Kingsbridge - Riverdale - Marble Hill - Fieldston""",2
"103 / Manhattan/ ""Lower East Side - Chinatown - Two Bridges""","311 / Brooklyn/ ""Bensonhurst - Mapleton - Bath Beach - Gravesend""",1
"103 / Manhattan/ ""Lower East Side - Chinatown - Two Bridges""","211 / Bronx/ ""Morris Park - Pelham Parkway - Bronxdale - Van Nest - Laconia""",1
"103 / Manhattan/ ""Lower East Side - Chinatown - Two Bridges""","112 / Manhattan/ ""Washington Heights - Inwood""",5
"103 / Manhattan/ ""Lower East Side - Chinatown - Two Bridges""","316 / Brooklyn/ ""Ocean Hill - Brownsville""",1
"103 / Manhattan/ ""Lower East Side - Chinatown - Two Bridges""","355 / Brooklyn/ ""Park""",1
"103 / Manhattan/ ""Lower East Side - Chinatown - Two Bridges""","408 / Queens/ ""Fresh Meadows - Kew Gardens Hills - Jamaica Hills""",1
"103 / Manhattan/ ""Lower East Side - Chinatown - Two Bridges""","313 / Brooklyn/ ""Coney Island - Brighton Beach - Gravesend - Homecrest - Seagate""",1
"103 / Manhattan/ ""Lower East Side - Chinatown - Two Bridges""","204 / Bronx/ ""Highbridge - Concourse""",1
"104 / Manhattan/ ""Chelsea - Clinton""","104 / Manhattan/ ""Chelsea - Clinton""",281
"104 / Manhattan/ ""Chelsea - Clinton""","105 / Manhattan/ ""Midtown - Times Square - Herald Square - Midtown South""",263
"104 / Manhattan/ ""Chelsea - Clinton""","106 / Manhattan/ ""Murray Hill - East Midtown - Stuyvesant Town""",69
"104 / Manhattan/ ""Chelsea - Clinton""","107 / Manhattan/ ""Lincoln Square - Upper West Side""",89
"104 / Manhattan/ ""Chelsea - Clinton""","480 / Queens/ ""Airport""",25
"104 / Manhattan/ ""Chelsea - Clinton""","103 / Manhattan/ ""Lower East Side - Chinatown - Two Bridges""",63
"104 / Manhattan/ ""Chelsea - Clinton""","102 / Manhattan/ ""Greenwich Village - Noho - Soho - Little Italy""",96
"104 / Manhattan/ ""Chelsea - Clinton""","109 / Manhattan/ ""West Harlem - Morningside Heights - Manhattanville - Hamilton Heights""",14
"104 / Manhattan/ ""Chelsea - Clinton""","401 / Queens/ ""Astoria & Long Island City""",17
"104 / Manhattan/ ""Chelsea - Clinton""","101 / Manhattan/ ""Civic Center - Wall Street - Governors Island - Liberty Island - Ellis Island - Tribeca""",43
"104 / Manhattan/ ""Chelsea - Clinton""","409 / Queens/ ""Woodhaven - Richmond Hill - Kew Gardens""",4
"104 / Manhattan/ ""Chelsea - Clinton""","306 / Brooklyn/ ""Red Hook - Park Slope - Gowanus - Carroll Gardens - Cobble Hill""",10
"104 / Manhattan/ ""Chelsea - Clinton""","111 / Manhattan/ ""East Harlem""",25
"104 / Manhattan/ ""Chelsea - Clinton""","108 / Manhattan/ ""Upper East Side - Lenox Hill - Yorkville - Roosevelt Island""",71
"104 / Manhattan/ ""Chelsea - Clinton""","301 / Brooklyn/ ""Greenpoint - Williamsburg""",11
"104 / Manhattan/ ""Chelsea - Clinton""","302 / Brooklyn/ ""Downtown Brooklyn - Fort Greene - Brooklyn Heights - Boerum Hill""",8
"104 / Manhattan/ ""Chelsea - Clinton""","201 / Bronx/ ""Mott Haven - Melrose - Port Morris""",2
"104 / Manhattan/ ""Chelsea - Clinton""","402 / Queens/ ""Sunnyside & Woodside""",6
"104 / Manhattan/ ""Chelsea - Clinton""","164 / Manhattan/ ""Park""",19
"104 / Manhattan/ ""Chelsea - Clinton""","303 / Brooklyn/ ""Bedford Stuyvesant - Tompkins Park North - Stuyvesant Heights""",10
"104 / Manhattan/ ""Chelsea - Clinton""","407 / Queens/ ""Flushing - Whitestone - College Point""",2
"104 / Manhattan/ ""Chelsea - Clinton""","411 / Queens/ ""Bayside - Douglaston - Little Neck - Auburndale""",2
"104 / Manhattan/ ""Chelsea - Clinton""","110 / Manhattan/ ""Central Harlem""",17
"104 / Manhattan/ ""Chelsea - Clinton""","483 / Queens/ ""Airport""",4
"104 / Manhattan/ ""Chelsea - Clinton""","316 / Brooklyn/ ""Ocean Hill - Brownsville""",1
"104 / Manhattan/ ""Chelsea - Clinton""","112 / Manhattan/ ""Washington Heights - Inwood""",12
"104 / Manhattan/ ""Chelsea - Clinton""","413 / Queens/ ""Laurelton - Cambria Heights - Queens Village - Glen Oaks""",1
"104 / Manhattan/ ""Chelsea - Clinton""","403 / Queens/ ""Jackson Heights - East Elmhurst - North Corona""",4
"104 / Manhattan/ ""Chelsea - Clinton""","304 / Brooklyn/ ""Bushwick""",2
"104 / Manhattan/ ""Chelsea - Clinton""","202 / Bronx/ ""Hunts Point - Longwood""",1
"104 / Manhattan/ ""Chelsea - Clinton""","312 / Brooklyn/ ""Borough Park - Ocean Parkway - Kensington""",3
"104 / Manhattan/ ""Chelsea - Clinton""","206 / Bronx/ ""East Tremont - Bathgate - Belmont - West Farms""",1
"104 / Manhattan/ ""Chelsea - Clinton""","311 / Brooklyn/ ""Bensonhurst - Mapleton - Bath Beach - Gravesend""",1
"104 / Manhattan/ ""Chelsea - Clinton""","211 / Bronx/ ""Morris Park - Pelham Parkway - Bronxdale - Van Nest - Laconia""",1
"104 / Manhattan/ ""Chelsea - Clinton""","310 / Brooklyn/ ""Bay Ridge - Dyker Heights - Fort Hamilton""",4
"104 / Manhattan/ ""Chelsea - Clinton""","308 / Brooklyn/ ""Crown Heights - Prospect Heights - Weeksville""",4
"104 / Manhattan/ ""Chelsea - Clinton""","404 / Queens/ ""Elmhurst & Corona""",3
"104 / Manhattan/ ""Chelsea - Clinton""","408 / Queens/ ""Fresh Meadows - Kew Gardens Hills - Jamaica Hills""",1
"104 / Manhattan/ ""Chelsea - Clinton""","212 / Bronx/ ""Williamsbridge - Baychester - Woodlawn - Wakefield - Eastchester""",1
"104 / Manhattan/ ""Chelsea - Clinton""","309 / Brooklyn/ ""Crown Heights South - Prospect Lefferts Gardens - Wingate""",1
"104 / Manhattan/ ""Chelsea - Clinton""","406 / Queens/ ""Rego Park & Forest Hills""",1
"104 / Manhattan/ ""Chelsea - Clinton""","405 / Queens/ ""Maspeth - Middle Village - Ridgewood - Glendale""",1
"104 / Manhattan/ ""Chelsea - Clinton""","317 / Brooklyn/ ""Flatbush - Rugby - Farragut - Northeast Flatbush""",1
"104 / Manhattan/ ""Chelsea - Clinton""","318 / Brooklyn/ ""Canarsie - Flatlands - Marine Park - Mill Basin - Bergen Beach""",1
"104 / Manhattan/ ""Chelsea - Clinton""","209 / Bronx/ ""Soundview - Castle Hill - Union Port - Parkchester""",1
"105 / Manhattan/ ""Midtown - Times Square - Herald Square - Midtown South""","105 / Manhattan/ ""Midtown - Times Square - Herald Square - Midtown South""",462
"105 / Manhattan/ ""Midtown - Times Square - Herald Square - Midtown South""","480 / Queens/ ""Airport""",49
"105 / Manhattan/ ""Midtown - Times Square - Herald Square - Midtown South""","104 / Manhattan/ ""Chelsea - Clinton""",278
"105 / Manhattan/ ""Midtown - Times Square - Herald Square - Midtown South""","107 / Manhattan/ ""Lincoln Square - Upper West Side""",80
"105 / Manhattan/ ""Midtown - Times Square - Herald Square - Midtown South""","311 / Brooklyn/ ""Bensonhurst - Mapleton - Bath Beach - Gravesend""",2
"105 / Manhattan/ ""Midtown - Times Square - Herald Square - Midtown South""","101 / Manhattan/ ""Civic Center - Wall Street - Governors Island - Liberty Island - Ellis Island - Tribeca""",58
"105 / Manhattan/ ""Midtown - Times Square - Herald Square - Midtown South""","402 / Queens/ ""Sunnyside & Woodside""",18
"105 / Manhattan/ ""Midtown - Times Square - Herald Square - Midtown South""","106 / Manhattan/ ""Murray Hill - East Midtown - Stuyvesant Town""",125
"105 / Manhattan/ ""Midtown - Times Square - Herald Square - Midtown South""","102 / Manhattan/ ""Greenwich Village - Noho - Soho - Little Italy""",131
"105 / Manhattan/ ""Midtown - Times Square - Herald Square - Midtown South""","108 / Manhattan/ ""Upper East Side - Lenox Hill - Yorkville - Roosevelt Island""",129
"105 / Manhattan/ ""Midtown - Times Square - Herald Square - Midtown South""","401 / Queens/ ""Astoria & Long Island City""",33
"105 / Manhattan/ ""Midtown - Times Square - Herald Square - Midtown South""","410 / Queens/ ""Howard Beach - Ozone Park - South Ozone Park""",3
"105 / Manhattan/ ""Midtown - Times Square - Herald Square - Midtown South""","103 / Manhattan/ ""Lower East Side - Chinatown - Two Bridges""",51
"105 / Manhattan/ ""Midtown - Times Square - Herald Square - Midtown South""","301 / Brooklyn/ ""Greenpoint - Williamsburg""",8
"105 / Manhattan/ ""Midtown - Times Square - Herald Square - Midtown South""","411 / Queens/ ""Bayside - Douglaston - Little Neck - Auburndale""",1
"105 / Manhattan/ ""Midtown - Times Square - Herald Square - Midtown South""","303 / Brooklyn/ ""Bedford Stuyvesant - Tompkins Park North - Stuyvesant Heights""",7
"105 / Manhattan/ ""Midtown - Times Square - Herald Square - Midtown South""","310 / Brooklyn/ ""Bay Ridge - Dyker Heights - Fort Hamilton""",9
"105 / Manhattan/ ""Midtown - Times Square - Herald Square - Midtown South""","306 / Brooklyn/ ""Red Hook - Park Slope - Gowanus - Carroll Gardens - Cobble Hill""",7
"105 / Manhattan/ ""Midtown - Times Square - Herald Square - Midtown South""","111 / Manhattan/ ""East Harlem""",26
"105 / Manhattan/ ""Midtown - Times Square - Herald Square - Midtown South""","164 / Manhattan/ ""Park""",29
"105 / Manhattan/ ""Midtown - Times Square - Herald Square - Midtown South""","109 / Manhattan/ ""West Harlem - Morningside Heights - Manhattanville - Hamilton Heights""",15
"105 / Manhattan/ ""Midtown - Times Square - Herald Square - Midtown South""","406 / Queens/ ""Rego Park & Forest Hills""",3
"105 / Manhattan/ ""Midtown - Times Square - Herald Square - Midtown South""","483 / Queens/ ""Airport""",28
"105 / Manhattan/ ""Midtown - Times Square - Herald Square - Midtown South""","312 / Brooklyn/ ""Borough Park - Ocean Parkway - Kensington""",2
"105 / Manhattan/ ""Midtown - Times Square - Herald Square - Midtown South""","403 / Queens/ ""Jackson Heights - East Elmhurst - North Corona""",11
"105 / Manhattan/ ""Midtown - Times Square - Herald Square - Midtown South""","408 / Queens/ ""Fresh Meadows - Kew Gardens Hills - Jamaica Hills""",2
"105 / Manhattan/ ""Midtown - Times Square - Herald Square - Midtown South""","112 / Manhattan/ ""Washington Heights - Inwood""",12
"105 / Manhattan/ ""Midtown - Times Square - Herald Square - Midtown South""","502 / Staten Island/ ""Mid-Island""",1
"105 / Manhattan/ ""Midtown - Times Square - Herald Square - Midtown South""","208 / Bronx/ ""Kingsbridge - Riverdale - Marble Hill - Fieldston""",3
"105 / Manhattan/ ""Midtown - Times Square - Herald Square - Midtown South""","110 / Manhattan/ ""Central Harlem""",12
"105 / Manhattan/ ""Midtown - Times Square - Herald Square - Midtown South""","308 / Brooklyn/ ""Crown Heights - Prospect Heights - Weeksville""",4
"105 / Manhattan/ ""Midtown - Times Square - Herald Square - Midtown South""","302 / Brooklyn/ ""Downtown Brooklyn - Fort Greene - Brooklyn Heights - Boerum Hill""",14
"105 / Manhattan/ ""Midtown - Times Square - Herald Square - Midtown South""","204 / Bronx/ ""Highbridge - Concourse""",1
"105 / Manhattan/ ""Midtown - Times Square - Herald Square - Midtown South""","201 / Bronx/ ""Mott Haven - Melrose - Port Morris""",4
"105 / Manhattan/ ""Midtown - Times Square - Herald Square - Midtown South""","314 / Brooklyn/ ""Flatbush - Ocean Parkway - Midwood""",1
"105 / Manhattan/ ""Midtown - Times Square - Herald Square - Midtown South""","226 / Bronx/ ""Park""",1
"105 / Manhattan/ ""Midtown - Times Square - Herald Square - Midtown South""","318 / Brooklyn/ ""Canarsie - Flatlands - Marine Park - Mill Basin - Bergen Beach""",1
"105 / Manhattan/ ""Midtown - Times Square - Herald Square - Midtown South""","307 / Brooklyn/ ""Sunset Park - Windsor Terrace""",6
"105 / Manhattan/ ""Midtown - Times Square - Herald Square - Midtown South""","409 / Queens/ ""Woodhaven - Richmond Hill - Kew Gardens""",1
"105 / Manhattan/ ""Midtown - Times Square - Herald Square - Midtown South""","209 / Bronx/ ""Soundview - Castle Hill - Union Port - Parkchester""",1
"105 / Manhattan/ ""Midtown - Times Square - Herald Square - Midtown South""","407 / Queens/ ""Flushing - Whitestone - College Point""",2
"105 / Manhattan/ ""Midtown - Times Square - Herald Square - Midtown South""","315 / Brooklyn/ ""Sheepshead Bay - Manhattan Beach - Kings Highway - Gravesend""",2
"105 / Manhattan/ ""Midtown - Times Square - Herald Square - Midtown South""","304 / Brooklyn/ ""Bushwick""",2
"105 / Manhattan/ ""Midtown - Times Square - Herald Square - Midtown South""","212 / Bronx/ ""Williamsbridge - Baychester - Woodlawn - Wakefield - Eastchester""",1
"105 / Manhattan/ ""Midtown - Times Square - Herald Square - Midtown South""","404 / Queens/ ""Elmhurst & Corona""",1
"105 / Manhattan/ ""Midtown - Times Square - Herald Square - Midtown South""","317 / Brooklyn/ ""Flatbush - Rugby - Farragut - Northeast Flatbush""",1
"105 / Manhattan/ ""Midtown - Times Square - Herald Square - Midtown South""","210 / Bronx/ ""Throgs Neck - Pelham Bay - Co-op City - Westchester Square - City Island""",1
"105 / Manhattan/ ""Midtown - Times Square - Herald Square - Midtown South""","309 / Brooklyn/ ""Crown Heights South - Prospect Lefferts Gardens - Wingate""",1
"105 / Manhattan/ ""Midtown - Times Square - Herald Square - Midtown South""","405 / Queens/ ""Maspeth - Middle Village - Ridgewood - Glendale""",1
"106 / Manhattan/ ""Murray Hill - East Midtown - Stuyvesant Town""","104 / Manhattan/ ""Chelsea - Clinton""",88
"106 / Manhattan/ ""Murray Hill - East Midtown - Stuyvesant Town""","106 / Manhattan/ ""Murray Hill - East Midtown - Stuyvesant Town""",184
"106 / Manhattan/ ""Murray Hill - East Midtown - Stuyvesant Town""","105 / Manhattan/ ""Midtown - Times Square - Herald Square - Midtown South""",223
"106 / Manhattan/ ""Murray Hill - East Midtown - Stuyvesant Town""","111 / Manhattan/ ""East Harlem""",12
"106 / Manhattan/ ""Murray Hill - East Midtown - Stuyvesant Town""","102 / Manhattan/ ""Greenwich Village - Noho - Soho - Little Italy""",61
"106 / Manhattan/ ""Murray Hill - East Midtown - Stuyvesant Town""","103 / Manhattan/ ""Lower East Side - Chinatown - Two Bridges""",47
"106 / Manhattan/ ""Murray Hill - East Midtown - Stuyvesant Town""","301 / Brooklyn/ ""Greenpoint - Williamsburg""",12
"106 / Manhattan/ ""Murray Hill - East Midtown - Stuyvesant Town""","311 / Brooklyn/ ""Bensonhurst - Mapleton - Bath Beach - Gravesend""",2
"106 / Manhattan/ ""Murray Hill - East Midtown - Stuyvesant Town""","480 / Queens/ ""Airport""",28
"106 / Manhattan/ ""Murray Hill - East Midtown - Stuyvesant Town""","302 / Brooklyn/ ""Downtown Brooklyn - Fort Greene - Brooklyn Heights - Boerum Hill""",11
"106 / Manhattan/ ""Murray Hill - East Midtown - Stuyvesant Town""","406 / Queens/ ""Rego Park & Forest Hills""",4
"106 / Manhattan/ ""Murray Hill - East Midtown - Stuyvesant Town""","107 / Manhattan/ ""Lincoln Square - Upper West Side""",42
"106 / Manhattan/ ""Murray Hill - East Midtown - Stuyvesant Town""","307 / Brooklyn/ ""Sunset Park - Windsor Terrace""",4
"106 / Manhattan/ ""Murray Hill - East Midtown - Stuyvesant Town""","108 / Manhattan/ ""Upper East Side - Lenox Hill - Yorkville - Roosevelt Island""",143
"106 / Manhattan/ ""Murray Hill - East Midtown - Stuyvesant Town""","313 / Brooklyn/ ""Coney Island - Brighton Beach - Gravesend - Homecrest - Seagate""",1
"106 / Manhattan/ ""Murray Hill - East Midtown - Stuyvesant Town""","402 / Queens/ ""Sunnyside & Woodside""",10
"106 / Manhattan/ ""Murray Hill - East Midtown - Stuyvesant Town""","101 / Manhattan/ ""Civic Center - Wall Street - Governors Island - Liberty Island - Ellis Island - Tribeca""",31
"106 / Manhattan/ ""Murray Hill - East Midtown - Stuyvesant Town""","110 / Manhattan/ ""Central Harlem""",3
"106 / Manhattan/ ""Murray Hill - East Midtown - Stuyvesant Town""","404 / Queens/ ""Elmhurst & Corona""",3
"106 / Manhattan/ ""Murray Hill - East Midtown - Stuyvesant Town""","164 / Manhattan/ ""Park""",10
"106 / Manhattan/ ""Murray Hill - East Midtown - Stuyvesant Town""","112 / Manhattan/ ""Washington Heights - Inwood""",7
"106 / Manhattan/ ""Murray Hill - East Midtown - Stuyvesant Town""","401 / Queens/ ""Astoria & Long Island City""",33
"106 / Manhattan/ ""Murray Hill - East Midtown - Stuyvesant Town""","408 / Queens/ ""Fresh Meadows - Kew Gardens Hills - Jamaica Hills""",1
"106 / Manhattan/ ""Murray Hill - East Midtown - Stuyvesant Town""","209 / Bronx/ ""Soundview - Castle Hill - Union Port - Parkchester""",3
"106 / Manhattan/ ""Murray Hill - East Midtown - Stuyvesant Town""","483 / Queens/ ""Airport""",14
"106 / Manhattan/ ""Murray Hill - East Midtown - Stuyvesant Town""","403 / Queens/ ""Jackson Heights - East Elmhurst - North Corona""",6
"106 / Manhattan/ ""Murray Hill - East Midtown - Stuyvesant Town""","308 / Brooklyn/ ""Crown Heights - Prospect Heights - Weeksville""",5
"106 / Manhattan/ ""Murray Hill - East Midtown - Stuyvesant Town""","405 / Queens/ ""Maspeth - Middle Village - Ridgewood - Glendale""",3
"106 / Manhattan/ ""Murray Hill - East Midtown - Stuyvesant Town""","356 / Brooklyn/ ""Park""",1
"106 / Manhattan/ ""Murray Hill - East Midtown - Stuyvesant Town""","309 / Brooklyn/ ""Crown Heights South - Prospect Lefferts Gardens - Wingate""",3
"106 / Manhattan/ ""Murray Hill - East Midtown - Stuyvesant Town""","303 / Brooklyn/ ""Bedford Stuyvesant - Tompkins Park North - Stuyvesant Heights""",3
"106 / Manhattan/ ""Murray Hill - East Midtown - Stuyvesant Town""","310 / Brooklyn/ ""Bay Ridge - Dyker Heights - Fort Hamilton""",1
"106 / Manhattan/ ""Murray Hill - East Midtown - Stuyvesant Town""","414 / Queens/ ""The Rockaways - Broad Channel""",1
"106 / Manhattan/ ""Murray Hill - East Midtown - Stuyvesant Town""","210 / Bronx/ ""Throgs Neck - Pelham Bay - Co-op City - Westchester Square - City Island""",2
"106 / Manhattan/ ""Murray Hill - East Midtown - Stuyvesant Town""","304 / Brooklyn/ ""Bushwick""",1
"106 / Manhattan/ ""Murray Hill - East Midtown - Stuyvesant Town""","109 / Manhattan/ ""West Harlem - Morningside Heights - Manhattanville - Hamilton Heights""",1
"106 / Manhattan/ ""Murray Hill - East Midtown - Stuyvesant Town""","503 / Staten Island/ ""South-Island""",1
"106 / Manhattan/ ""Murray Hill - East Midtown - Stuyvesant Town""","318 / Brooklyn/ ""Canarsie - Flatlands - Marine Park - Mill Basin - Bergen Beach""",1
"106 / Manhattan/ ""Murray Hill - East Midtown - Stuyvesant Town""","314 / Brooklyn/ ""Flatbush - Ocean Parkway - Midwood""",1
"106 / Manhattan/ ""Murray Hill - East Midtown - Stuyvesant Town""","409 / Queens/ ""Woodhaven - Richmond Hill - Kew Gardens""",1
"106 / Manhattan/ ""Murray Hill - East Midtown - Stuyvesant Town""","411 / Queens/ ""Bayside - Douglaston - Little Neck - Auburndale""",2
"106 / Manhattan/ ""Murray Hill - East Midtown - Stuyvesant Town""","306 / Brooklyn/ ""Red Hook - Park Slope - Gowanus - Carroll Gardens - Cobble Hill""",1
"107 / Manhattan/ ""Lincoln Square - Upper West Side""","110 / Manhattan/ ""Central Harlem""",21
"107 / Manhattan/ ""Lincoln Square - Upper West Side""","108 / Manhattan/ ""Upper East Side - Lenox Hill - Yorkville - Roosevelt Island""",119
"107 / Manhattan/ ""Lincoln Square - Upper West Side""","105 / Manhattan/ ""Midtown - Times Square - Herald Square - Midtown South""",123
"107 / Manhattan/ ""Lincoln Square - Upper West Side""","109 / Manhattan/ ""West Harlem - Morningside Heights - Manhattanville - Hamilton Heights""",32
"107 / Manhattan/ ""Lincoln Square - Upper West Side""","107 / Manhattan/ ""Lincoln Square - Upper West Side""",292
"107 / Manhattan/ ""Lincoln Square - Upper West Side""","104 / Manhattan/ ""Chelsea - Clinton""",81
"107 / Manhattan/ ""Lincoln Square - Upper West Side""","111 / Manhattan/ ""East Harlem""",31
"107 / Manhattan/ ""Lincoln Square - Upper West Side""","164 / Manhattan/ ""Park""",35
"107 / Manhattan/ ""Lincoln Square - Upper West Side""","483 / Queens/ ""Airport""",8
"107 / Manhattan/ ""Lincoln Square - Upper West Side""","402 / Queens/ ""Sunnyside & Woodside""",4
"107 / Manhattan/ ""Lincoln Square - Upper West Side""","318 / Brooklyn/ ""Canarsie - Flatlands - Marine Park - Mill Basin - Bergen Beach""",1
"107 / Manhattan/ ""Lincoln Square - Upper West Side""","403 / Queens/ ""Jackson Heights - East Elmhurst - North Corona""",3
"107 / Manhattan/ ""Lincoln Square - Upper West Side""","101 / Manhattan/ ""Civic Center - Wall Street - Governors Island - Liberty Island - Ellis Island - Tribeca""",7
"107 / Manhattan/ ""Lincoln Square - Upper West Side""","102 / Manhattan/ ""Greenwich Village - Noho - Soho - Little Italy""",13
"107 / Manhattan/ ""Lincoln Square - Upper West Side""","103 / Manhattan/ ""Lower East Side - Chinatown - Two Bridges""",10
"107 / Manhattan/ ""Lincoln Square - Upper West Side""","106 / Manhattan/ ""Murray Hill - East Midtown - Stuyvesant Town""",20
"107 / Manhattan/ ""Lincoln Square - Upper West Side""","480 / Queens/ ""Airport""",13
"107 / Manhattan/ ""Lincoln Square - Upper West Side""","207 / Bronx/ ""Kingsbridge Heights. - Bedford Park - Fordham - University Heights""",2
"107 / Manhattan/ ""Lincoln Square - Upper West Side""","112 / Manhattan/ ""Washington Heights - Inwood""",11
"107 / Manhattan/ ""Lincoln Square - Upper West Side""","302 / Brooklyn/ ""Downtown Brooklyn - Fort Greene - Brooklyn Heights - Boerum Hill""",3
"107 / Manhattan/ ""Lincoln Square - Upper West Side""","401 / Queens/ ""Astoria & Long Island City""",4
"107 / Manhattan/ ""Lincoln Square - Upper West Side""","201 / Bronx/ ""Mott Haven - Melrose - Port Morris""",1
"107 / Manhattan/ ""Lincoln Square - Upper West Side""","206 / Bronx/ ""East Tremont - Bathgate - Belmont - West Farms""",1
"107 / Manhattan/ ""Lincoln Square - Upper West Side""","303 / Brooklyn/ ""Bedford Stuyvesant - Tompkins Park North - Stuyvesant Heights""",1
"107 / Manhattan/ ""Lincoln Square - Upper West Side""","406 / Queens/ ""Rego Park & Forest Hills""",1
"107 / Manhattan/ ""Lincoln Square - Upper West Side""","208 / Bronx/ ""Kingsbridge - Riverdale - Marble Hill - Fieldston""",2
"107 / Manhattan/ ""Lincoln Square - Upper West Side""","306 / Brooklyn/ ""Red Hook - Park Slope - Gowanus - Carroll Gardens - Cobble Hill""",1
"107 / Manhattan/ ""Lincoln Square - Upper West Side""","204 / Bronx/ ""Highbridge - Concourse""",2
"107 / Manhattan/ ""Lincoln Square - Upper West Side""","412 / Queens/ ""Jamaica - South Jamaica - Hollis - St. Albans""",1
"107 / Manhattan/ ""Lincoln Square - Upper West Side""","314 / Brooklyn/ ""Flatbush - Ocean Parkway - Midwood""",1
"107 / Manhattan/ ""Lincoln Square - Upper West Side""","404 / Queens/ ""Elmhurst & Corona""",1
"108 / Manhattan/ ""Upper East Side - Lenox Hill - Yorkville - Roosevelt Island""","105 / Manhattan/ ""Midtown - Times Square - Herald Square - Midtown South""",217
"108 / Manhattan/ ""Upper East Side - Lenox Hill - Yorkville - Roosevelt Island""","108 / Manhattan/ ""Upper East Side - Lenox Hill - Yorkville - Roosevelt Island""",434
"108 / Manhattan/ ""Upper East Side - Lenox Hill - Yorkville - Roosevelt Island""","102 / Manhattan/ ""Greenwich Village - Noho - Soho - Little Italy""",29
"108 / Manhattan/ ""Upper East Side - Lenox Hill - Yorkville - Roosevelt Island""","301 / Brooklyn/ ""Greenpoint - Williamsburg""",5
"108 / Manhattan/ ""Upper East Side - Lenox Hill - Yorkville - Roosevelt Island""","107 / Manhattan/ ""Lincoln Square - Upper West Side""",92
"108 / Manhattan/ ""Upper East Side - Lenox Hill - Yorkville - Roosevelt Island""","164 / Manhattan/ ""Park""",42
"108 / Manhattan/ ""Upper East Side - Lenox Hill - Yorkville - Roosevelt Island""","106 / Manhattan/ ""Murray Hill - East Midtown - Stuyvesant Town""",107
"108 / Manhattan/ ""Upper East Side - Lenox Hill - Yorkville - Roosevelt Island""","111 / Manhattan/ ""East Harlem""",48
"108 / Manhattan/ ""Upper East Side - Lenox Hill - Yorkville - Roosevelt Island""","110 / Manhattan/ ""Central Harlem""",22
"108 / Manhattan/ ""Upper East Side - Lenox Hill - Yorkville - Roosevelt Island""","402 / Queens/ ""Sunnyside & Woodside""",8
"108 / Manhattan/ ""Upper East Side - Lenox Hill - Yorkville - Roosevelt Island""","109 / Manhattan/ ""West Harlem - Morningside Heights - Manhattanville - Hamilton Heights""",11
"108 / Manhattan/ ""Upper East Side - Lenox Hill - Yorkville - Roosevelt Island""","302 / Brooklyn/ ""Downtown Brooklyn - Fort Greene - Brooklyn Heights - Boerum Hill""",3
"108 / Manhattan/ ""Upper East Side - Lenox Hill - Yorkville - Roosevelt Island""","104 / Manhattan/ ""Chelsea - Clinton""",42
"108 / Manhattan/ ""Upper East Side - Lenox Hill - Yorkville - Roosevelt Island""","480 / Queens/ ""Airport""",25
"108 / Manhattan/ ""Upper East Side - Lenox Hill - Yorkville - Roosevelt Island""","401 / Queens/ ""Astoria & Long Island City""",18
"108 / Manhattan/ ""Upper East Side - Lenox Hill - Yorkville - Roosevelt Island""","112 / Manhattan/ ""Washington Heights - Inwood""",10
"108 / Manhattan/ ""Upper East Side - Lenox Hill - Yorkville - Roosevelt Island""","406 / Queens/ ""Rego Park & Forest Hills""",1
"108 / Manhattan/ ""Upper East Side - Lenox Hill - Yorkville - Roosevelt Island""","101 / Manhattan/ ""Civic Center - Wall Street - Governors Island - Liberty Island - Ellis Island - Tribeca""",16
"108 / Manhattan/ ""Upper East Side - Lenox Hill - Yorkville - Roosevelt Island""","483 / Queens/ ""Airport""",17
"108 / Manhattan/ ""Upper East Side - Lenox Hill - Yorkville - Roosevelt Island""","201 / Bronx/ ""Mott Haven - Melrose - Port Morris""",1
"108 / Manhattan/ ""Upper East Side - Lenox Hill - Yorkville - Roosevelt Island""","103 / Manhattan/ ""Lower East Side - Chinatown - Two Bridges""",23
"108 / Manhattan/ ""Upper East Side - Lenox Hill - Yorkville - Roosevelt Island""","407 / Queens/ ""Flushing - Whitestone - College Point""",2
"108 / Manhattan/ ""Upper East Side - Lenox Hill - Yorkville - Roosevelt Island""","403 / Queens/ ""Jackson Heights - East Elmhurst - North Corona""",3
"108 / Manhattan/ ""Upper East Side - Lenox Hill - Yorkville - Roosevelt Island""","204 / Bronx/ ""Highbridge - Concourse""",2
"108 / Manhattan/ ""Upper East Side - Lenox Hill - Yorkville - Roosevelt Island""","306 / Brooklyn/ ""Red Hook - Park Slope - Gowanus - Carroll Gardens - Cobble Hill""",2
"108 / Manhattan/ ""Upper East Side - Lenox Hill - Yorkville - Roosevelt Island""","307 / Brooklyn/ ""Sunset Park - Windsor Terrace""",2
"108 / Manhattan/ ""Upper East Side - Lenox Hill - Yorkville - Roosevelt Island""","405 / Queens/ ""Maspeth - Middle Village - Ridgewood - Glendale""",4
"108 / Manhattan/ ""Upper East Side - Lenox Hill - Yorkville - Roosevelt Island""","316 / Brooklyn/ ""Ocean Hill - Brownsville""",1
"108 / Manhattan/ ""Upper East Side - Lenox Hill - Yorkville - Roosevelt Island""","203 / Bronx/ ""Melrose - Morrisania - Claremont - Crotona Park East""",2
"108 / Manhattan/ ""Upper East Side - Lenox Hill - Yorkville - Roosevelt Island""","208 / Bronx/ ""Kingsbridge - Riverdale - Marble Hill - Fieldston""",1
"108 / Manhattan/ ""Upper East Side - Lenox Hill - Yorkville - Roosevelt Island""","212 / Bronx/ ""Williamsbridge - Baychester - Woodlawn - Wakefield - Eastchester""",1
"108 / Manhattan/ ""Upper East Side - Lenox Hill - Yorkville - Roosevelt Island""","314 / Brooklyn/ ""Flatbush - Ocean Parkway - Midwood""",1
"108 / Manhattan/ ""Upper East Side - Lenox Hill - Yorkville - Roosevelt Island""","206 / Bronx/ ""East Tremont - Bathgate - Belmont - West Farms""",1
"108 / Manhattan/ ""Upper East Side - Lenox Hill - Yorkville - Roosevelt Island""","304 / Brooklyn/ ""Bushwick""",1
"108 / Manhattan/ ""Upper East Side - Lenox Hill - Yorkville - Roosevelt Island""","408 / Queens/ ""Fresh Meadows - Kew Gardens Hills - Jamaica Hills""",1
"108 / Manhattan/ ""Upper East Side - Lenox Hill - Yorkville - Roosevelt Island""","502 / Staten Island/ ""Mid-Island""",1
"108 / Manhattan/ ""Upper East Side - Lenox Hill - Yorkville - Roosevelt Island""","303 / Brooklyn/ ""Bedford Stuyvesant - Tompkins Park North - Stuyvesant Heights""",1
"108 / Manhattan/ ""Upper East Side - Lenox Hill - Yorkville - Roosevelt Island""","205 / Bronx/ ""Morris Heights - University Heights - Fordham - Mt. Hope""",1
"109 / Manhattan/ ""West Harlem - Morningside Heights - Manhattanville - Hamilton Heights""","107 / Manhattan/ ""Lincoln Square - Upper West Side""",23
"109 / Manhattan/ ""West Harlem - Morningside Heights - Manhattanville - Hamilton Heights""","109 / Manhattan/ ""West Harlem - Morningside Heights - Manhattanville - Hamilton Heights""",14
"109 / Manhattan/ ""West Harlem - Morningside Heights - Manhattanville - Hamilton Heights""","307 / Brooklyn/ ""Sunset Park - Windsor Terrace""",1
"109 / Manhattan/ ""West Harlem - Morningside Heights - Manhattanville - Hamilton Heights""","110 / Manhattan/ ""Central Harlem""",7
"109 / Manhattan/ ""West Harlem - Morningside Heights - Manhattanville - Hamilton Heights""","105 / Manhattan/ ""Midtown - Times Square - Herald Square - Midtown South""",7
"109 / Manhattan/ ""West Harlem - Morningside Heights - Manhattanville - Hamilton Heights""","106 / Manhattan/ ""Murray Hill - East Midtown - Stuyvesant Town""",3
"109 / Manhattan/ ""West Harlem - Morningside Heights - Manhattanville - Hamilton Heights""","104 / Manhattan/ ""Chelsea - Clinton""",8
"109 / Manhattan/ ""West Harlem - Morningside Heights - Manhattanville - Hamilton Heights""","108 / Manhattan/ ""Upper East Side - Lenox Hill - Yorkville - Roosevelt Island""",5
"109 / Manhattan/ ""West Harlem - Morningside Heights - Manhattanville - Hamilton Heights""","164 / Manhattan/ ""Park""",3
"109 / Manhattan/ ""West Harlem - Morningside Heights - Manhattanville - Hamilton Heights""","483 / Queens/ ""Airport""",1
"109 / Manhattan/ ""West Harlem - Morningside Heights - Manhattanville - Hamilton Heights""","201 / Bronx/ ""Mott Haven - Melrose - Port Morris""",1
"109 / Manhattan/ ""West Harlem - Morningside Heights - Manhattanville - Hamilton Heights""","111 / Manhattan/ ""East Harlem""",3
"109 / Manhattan/ ""West Harlem - Morningside Heights - Manhattanville - Hamilton Heights""","112 / Manhattan/ ""Washington Heights - Inwood""",3
"109 / Manhattan/ ""West Harlem - Morningside Heights - Manhattanville - Hamilton Heights""","401 / Queens/ ""Astoria & Long Island City""",1
"109 / Manhattan/ ""West Harlem - Morningside Heights - Manhattanville - Hamilton Heights""","480 / Queens/ ""Airport""",3
"109 / Manhattan/ ""West Harlem - Morningside Heights - Manhattanville - Hamilton Heights""","101 / Manhattan/ ""Civic Center - Wall Street - Governors Island - Liberty Island - Ellis Island - Tribeca""",1
"109 / Manhattan/ ""West Harlem - Morningside Heights - Manhattanville - Hamilton Heights""","103 / Manhattan/ ""Lower East Side - Chinatown - Two Bridges""",1
"110 / Manhattan/ ""Central Harlem""","109 / Manhattan/ ""West Harlem - Morningside Heights - Manhattanville - Hamilton Heights""",6
"110 / Manhattan/ ""Central Harlem""","110 / Manhattan/ ""Central Harlem""",13
"110 / Manhattan/ ""Central Harlem""","111 / Manhattan/ ""East Harlem""",10
"110 / Manhattan/ ""Central Harlem""","104 / Manhattan/ ""Chelsea - Clinton""",7
"110 / Manhattan/ ""Central Harlem""","105 / Manhattan/ ""Midtown - Times Square - Herald Square - Midtown South""",4
"110 / Manhattan/ ""Central Harlem""","108 / Manhattan/ ""Upper East Side - Lenox Hill - Yorkville - Roosevelt Island""",7
"110 / Manhattan/ ""Central Harlem""","107 / Manhattan/ ""Lincoln Square - Upper West Side""",8
"110 / Manhattan/ ""Central Harlem""","164 / Manhattan/ ""Park""",3
"110 / Manhattan/ ""Central Harlem""","204 / Bronx/ ""Highbridge - Concourse""",1
"110 / Manhattan/ ""Central Harlem""","480 / Queens/ ""Airport""",3
"110 / Manhattan/ ""Central Harlem""","401 / Queens/ ""Astoria & Long Island City""",1
"110 / Manhattan/ ""Central Harlem""","102 / Manhattan/ ""Greenwich Village - Noho - Soho - Little Italy""",1
"110 / Manhattan/ ""Central Harlem""","106 / Manhattan/ ""Murray Hill - East Midtown - Stuyvesant Town""",2
"110 / Manhattan/ ""Central Harlem""","301 / Brooklyn/ ""Greenpoint - Williamsburg""",1
"111 / Manhattan/ ""East Harlem""","107 / Manhattan/ ""Lincoln Square - Upper West Side""",12
"111 / Manhattan/ ""East Harlem""","111 / Manhattan/ ""East Harlem""",14
"111 / Manhattan/ ""East Harlem""","105 / Manhattan/ ""Midtown - Times Square - Herald Square - Midtown South""",14
"111 / Manhattan/ ""East Harlem""","402 / Queens/ ""Sunnyside & Woodside""",3
"111 / Manhattan/ ""East Harlem""","108 / Manhattan/ ""Upper East Side - Lenox Hill - Yorkville - Roosevelt Island""",32
"111 / Manhattan/ ""East Harlem""","104 / Manhattan/ ""Chelsea - Clinton""",5
"111 / Manhattan/ ""East Harlem""","106 / Manhattan/ ""Murray Hill - East Midtown - Stuyvesant Town""",8
"111 / Manhattan/ ""East Harlem""","209 / Bronx/ ""Soundview - Castle Hill - Union Port - Parkchester""",3
"111 / Manhattan/ ""East Harlem""","480 / Queens/ ""Airport""",2
"111 / Manhattan/ ""East Harlem""","112 / Manhattan/ ""Washington Heights - Inwood""",2
"111 / Manhattan/ ""East Harlem""","110 / Manhattan/ ""Central Harlem""",6
"111 / Manhattan/ ""East Harlem""","103 / Manhattan/ ""Lower East Side - Chinatown - Two Bridges""",1
"111 / Manhattan/ ""East Harlem""","208 / Bronx/ ""Kingsbridge - Riverdale - Marble Hill - Fieldston""",1
"111 / Manhattan/ ""East Harlem""","109 / Manhattan/ ""West Harlem - Morningside Heights - Manhattanville - Hamilton Heights""",3
"111 / Manhattan/ ""East Harlem""","164 / Manhattan/ ""Park""",1
"111 / Manhattan/ ""East Harlem""","211 / Bronx/ ""Morris Park - Pelham Parkway - Bronxdale - Van Nest - Laconia""",1
"111 / Manhattan/ ""East Harlem""","401 / Queens/ ""Astoria & Long Island City""",4
"111 / Manhattan/ ""East Harlem""","102 / Manhattan/ ""Greenwich Village - Noho - Soho - Little Italy""",1
"111 / Manhattan/ ""East Harlem""","483 / Queens/ ""Airport""",1
"111 / Manhattan/ ""East Harlem""","207 / Bronx/ ""Kingsbridge Heights. - Bedford Park - Fordham - University Heights""",1
"111 / Manhattan/ ""East Harlem""","202 / Bronx/ ""Hunts Point - Longwood""",1
"111 / Manhattan/ ""East Harlem""","201 / Bronx/ ""Mott Haven - Melrose - Port Morris""",1
"111 / Manhattan/ ""East Harlem""","101 / Manhattan/ ""Civic Center - Wall Street - Governors Island - Liberty Island - Ellis Island - Tribeca""",1
"112 / Manhattan/ ""Washington Heights - Inwood""","107 / Manhattan/ ""Lincoln Square - Upper West Side""",2
"112 / Manhattan/ ""Washington Heights - Inwood""","112 / Manhattan/ ""Washington Heights - Inwood""",2
"112 / Manhattan/ ""Washington Heights - Inwood""","404 / Queens/ ""Elmhurst & Corona""",1
"112 / Manhattan/ ""Washington Heights - Inwood""","109 / Manhattan/ ""West Harlem - Morningside Heights - Manhattanville - Hamilton Heights""",2
"112 / Manhattan/ ""Washington Heights - Inwood""","110 / Manhattan/ ""Central Harlem""",4
"112 / Manhattan/ ""Washington Heights - Inwood""","305 / Brooklyn/ ""East New York - New Lots - City Line - Starrett City""",1
"112 / Manhattan/ ""Washington Heights - Inwood""","480 / Queens/ ""Airport""",1
"112 / Manhattan/ ""Washington Heights - Inwood""","104 / Manhattan/ ""Chelsea - Clinton""",1
"112 / Manhattan/ ""Washington Heights - Inwood""","403 / Queens/ ""Jackson Heights - East Elmhurst - North Corona""",1
"112 / Manhattan/ ""Washington Heights - Inwood""","204 / Bronx/ ""Highbridge - Concourse""",1
"112 / Manhattan/ ""Washington Heights - Inwood""","164 / Manhattan/ ""Park""",2
"164 / Manhattan/ ""Park""","108 / Manhattan/ ""Upper East Side - Lenox Hill - Yorkville - Roosevelt Island""",33
"164 / Manhattan/ ""Park""","107 / Manhattan/ ""Lincoln Square - Upper West Side""",28
"164 / Manhattan/ ""Park""","111 / Manhattan/ ""East Harlem""",3
"164 / Manhattan/ ""Park""","164 / Manhattan/ ""Park""",9
"164 / Manhattan/ ""Park""","102 / Manhattan/ ""Greenwich Village - Noho - Soho - Little Italy""",5
"164 / Manhattan/ ""Park""","105 / Manhattan/ ""Midtown - Times Square - Herald Square - Midtown South""",20
"164 / Manhattan/ ""Park""","480 / Queens/ ""Airport""",5
"164 / Manhattan/ ""Park""","106 / Manhattan/ ""Murray Hill - East Midtown - Stuyvesant Town""",3
"164 / Manhattan/ ""Park""","112 / Manhattan/ ""Washington Heights - Inwood""",3
"164 / Manhattan/ ""Park""","110 / Manhattan/ ""Central Harlem""",2
"164 / Manhattan/ ""Park""","104 / Manhattan/ ""Chelsea - Clinton""",1
"164 / Manhattan/ ""Park""","406 / Queens/ ""Rego Park & Forest Hills""",1
"164 / Manhattan/ ""Park""","401 / Queens/ ""Astoria & Long Island City""",1
"164 / Manhattan/ ""Park""","402 / Queens/ ""Sunnyside & Woodside""",1
"164 / Manhattan/ ""Park""","307 / Brooklyn/ ""Sunset Park - Windsor Terrace""",1
"164 / Manhattan/ ""Park""","302 / Brooklyn/ ""Downtown Brooklyn - Fort Greene - Brooklyn Heights - Boerum Hill""",1
"201 / Bronx/ ""Mott Haven - Melrose - Port Morris""","107 / Manhattan/ ""Lincoln Square - Upper West Side""",1
"204 / Bronx/ ""Highbridge - Concourse""","206 / Bronx/ ""East Tremont - Bathgate - Belmont - West Farms""",1
"204 / Bronx/ ""Highbridge - Concourse""","204 / Bronx/ ""Highbridge - Concourse""",3
"204 / Bronx/ ""Highbridge - Concourse""","110 / Manhattan/ ""Central Harlem""",1
"205 / Bronx/ ""Morris Heights - University Heights - Fordham - Mt. Hope""","205 / Bronx/ ""Morris Heights - University Heights - Fordham - Mt. Hope""",2
"210 / Bronx/ ""Throgs Neck - Pelham Bay - Co-op City - Westchester Square - City Island""","210 / Bronx/ ""Throgs Neck - Pelham Bay - Co-op City - Westchester Square - City Island""",1
"212 / Bronx/ ""Williamsbridge - Baychester - Woodlawn - Wakefield - Eastchester""","212 / Bronx/ ""Williamsbridge - Baychester - Woodlawn - Wakefield - Eastchester""",1
"301 / Brooklyn/ ""Greenpoint - Williamsburg""","401 / Queens/ ""Astoria & Long Island City""",5
"301 / Brooklyn/ ""Greenpoint - Williamsburg""","301 / Brooklyn/ ""Greenpoint - Williamsburg""",43
"301 / Brooklyn/ ""Greenpoint - Williamsburg""","407 / Queens/ ""Flushing - Whitestone - College Point""",1
"301 / Brooklyn/ ""Greenpoint - Williamsburg""","112 / Manhattan/ ""Washington Heights - Inwood""",2
"301 / Brooklyn/ ""Greenpoint - Williamsburg""","304 / Brooklyn/ ""Bushwick""",11
"301 / Brooklyn/ ""Greenpoint - Williamsburg""","108 / Manhattan/ ""Upper East Side - Lenox Hill - Yorkville - Roosevelt Island""",6
"301 / Brooklyn/ ""Greenpoint - Williamsburg""","101 / Manhattan/ ""Civic Center - Wall Street - Governors Island - Liberty Island - Ellis Island - Tribeca""",6
"301 / Brooklyn/ ""Greenpoint - Williamsburg""","315 / Brooklyn/ ""Sheepshead Bay - Manhattan Beach - Kings Highway - Gravesend""",1
"301 / Brooklyn/ ""Greenpoint - Williamsburg""","307 / Brooklyn/ ""Sunset Park - Windsor Terrace""",2
"301 / Brooklyn/ ""Greenpoint - Williamsburg""","102 / Manhattan/ ""Greenwich Village - Noho - Soho - Little Italy""",11
"301 / Brooklyn/ ""Greenpoint - Williamsburg""","106 / Manhattan/ ""Murray Hill - East Midtown - Stuyvesant Town""",2
"301 / Brooklyn/ ""Greenpoint - Williamsburg""","105 / Manhattan/ ""Midtown - Times Square - Herald Square - Midtown South""",7
"301 / Brooklyn/ ""Greenpoint - Williamsburg""","302 / Brooklyn/ ""Downtown Brooklyn - Fort Greene - Brooklyn Heights - Boerum Hill""",7
"301 / Brooklyn/ ""Greenpoint - Williamsburg""","303 / Brooklyn/ ""Bedford Stuyvesant - Tompkins Park North - Stuyvesant Heights""",12
"301 / Brooklyn/ ""Greenpoint - Williamsburg""","103 / Manhattan/ ""Lower East Side - Chinatown - Two Bridges""",19
"301 / Brooklyn/ ""Greenpoint - Williamsburg""","104 / Manhattan/ ""Chelsea - Clinton""",6
"301 / Brooklyn/ ""Greenpoint - Williamsburg""","110 / Manhattan/ ""Central Harlem""",1
"301 / Brooklyn/ ""Greenpoint - Williamsburg""","107 / Manhattan/ ""Lincoln Square - Upper West Side""",4
"301 / Brooklyn/ ""Greenpoint - Williamsburg""","109 / Manhattan/ ""West Harlem - Morningside Heights - Manhattanville - Hamilton Heights""",1
"301 / Brooklyn/ ""Greenpoint - Williamsburg""","405 / Queens/ ""Maspeth - Middle Village - Ridgewood - Glendale""",6
"301 / Brooklyn/ ""Greenpoint - Williamsburg""","402 / Queens/ ""Sunnyside & Woodside""",3
"301 / Brooklyn/ ""Greenpoint - Williamsburg""","306 / Brooklyn/ ""Red Hook - Park Slope - Gowanus - Carroll Gardens - Cobble Hill""",6
"301 / Brooklyn/ ""Greenpoint - Williamsburg""","316 / Brooklyn/ ""Ocean Hill - Brownsville""",1
"301 / Brooklyn/ ""Greenpoint - Williamsburg""","480 / Queens/ ""Airport""",1
"301 / Brooklyn/ ""Greenpoint - Williamsburg""","314 / Brooklyn/ ""Flatbush - Ocean Parkway - Midwood""",2
"301 / Brooklyn/ ""Greenpoint - Williamsburg""","111 / Manhattan/ ""East Harlem""",1
"301 / Brooklyn/ ""Greenpoint - Williamsburg""","404 / Queens/ ""Elmhurst & Corona""",1
"301 / Brooklyn/ ""Greenpoint - Williamsburg""","312 / Brooklyn/ ""Borough Park - Ocean Parkway - Kensington""",1
"301 / Brooklyn/ ""Greenpoint - Williamsburg""","309 / Brooklyn/ ""Crown Heights South - Prospect Lefferts Gardens - Wingate""",1
"301 / Brooklyn/ ""Greenpoint - Williamsburg""","308 / Brooklyn/ ""Crown Heights - Prospect Heights - Weeksville""",3
"301 / Brooklyn/ ""Greenpoint - Williamsburg""","164 / Manhattan/ ""Park""",1
"302 / Brooklyn/ ""Downtown Brooklyn - Fort Greene - Brooklyn Heights - Boerum Hill""","306 / Brooklyn/ ""Red Hook - Park Slope - Gowanus - Carroll Gardens - Cobble Hill""",9
"302 / Brooklyn/ ""Downtown Brooklyn - Fort Greene - Brooklyn Heights - Boerum Hill""","101 / Manhattan/ ""Civic Center - Wall Street - Governors Island - Liberty Island - Ellis Island - Tribeca""",5
"302 / Brooklyn/ ""Downtown Brooklyn - Fort Greene - Brooklyn Heights - Boerum Hill""","314 / Brooklyn/ ""Flatbush - Ocean Parkway - Midwood""",1
"302 / Brooklyn/ ""Downtown Brooklyn - Fort Greene - Brooklyn Heights - Boerum Hill""","315 / Brooklyn/ ""Sheepshead Bay - Manhattan Beach - Kings Highway - Gravesend""",1
"302 / Brooklyn/ ""Downtown Brooklyn - Fort Greene - Brooklyn Heights - Boerum Hill""","105 / Manhattan/ ""Midtown - Times Square - Herald Square - Midtown South""",5
"302 / Brooklyn/ ""Downtown Brooklyn - Fort Greene - Brooklyn Heights - Boerum Hill""","310 / Brooklyn/ ""Bay Ridge - Dyker Heights - Fort Hamilton""",1
"302 / Brooklyn/ ""Downtown Brooklyn - Fort Greene - Brooklyn Heights - Boerum Hill""","302 / Brooklyn/ ""Downtown Brooklyn - Fort Greene - Brooklyn Heights - Boerum Hill""",17
"302 / Brooklyn/ ""Downtown Brooklyn - Fort Greene - Brooklyn Heights - Boerum Hill""","308 / Brooklyn/ ""Crown Heights - Prospect Heights - Weeksville""",3
"302 / Brooklyn/ ""Downtown Brooklyn - Fort Greene - Brooklyn Heights - Boerum Hill""","108 / Manhattan/ ""Upper East Side - Lenox Hill - Yorkville - Roosevelt Island""",5
"302 / Brooklyn/ ""Downtown Brooklyn - Fort Greene - Brooklyn Heights - Boerum Hill""","102 / Manhattan/ ""Greenwich Village - Noho - Soho - Little Italy""",8
"302 / Brooklyn/ ""Downtown Brooklyn - Fort Greene - Brooklyn Heights - Boerum Hill""","106 / Manhattan/ ""Murray Hill - East Midtown - Stuyvesant Town""",3
"302 / Brooklyn/ ""Downtown Brooklyn - Fort Greene - Brooklyn Heights - Boerum Hill""","104 / Manhattan/ ""Chelsea - Clinton""",3
"302 / Brooklyn/ ""Downtown Brooklyn - Fort Greene - Brooklyn Heights - Boerum Hill""","309 / Brooklyn/ ""Crown Heights South - Prospect Lefferts Gardens - Wingate""",3
"302 / Brooklyn/ ""Downtown Brooklyn - Fort Greene - Brooklyn Heights - Boerum Hill""","164 / Manhattan/ ""Park""",1
"302 / Brooklyn/ ""Downtown Brooklyn - Fort Greene - Brooklyn Heights - Boerum Hill""","402 / Queens/ ""Sunnyside & Woodside""",1
"302 / Brooklyn/ ""Downtown Brooklyn - Fort Greene - Brooklyn Heights - Boerum Hill""","307 / Brooklyn/ ""Sunset Park - Windsor Terrace""",2
"302 / Brooklyn/ ""Downtown Brooklyn - Fort Greene - Brooklyn Heights - Boerum Hill""","311 / Brooklyn/ ""Bensonhurst - Mapleton - Bath Beach - Gravesend""",1
"302 / Brooklyn/ ""Downtown Brooklyn - Fort Greene - Brooklyn Heights - Boerum Hill""","405 / Queens/ ""Maspeth - Middle Village - Ridgewood - Glendale""",1
"302 / Brooklyn/ ""Downtown Brooklyn - Fort Greene - Brooklyn Heights - Boerum Hill""","103 / Manhattan/ ""Lower East Side - Chinatown - Two Bridges""",3
"302 / Brooklyn/ ""Downtown Brooklyn - Fort Greene - Brooklyn Heights - Boerum Hill""","317 / Brooklyn/ ""Flatbush - Rugby - Farragut - Northeast Flatbush""",1
"302 / Brooklyn/ ""Downtown Brooklyn - Fort Greene - Brooklyn Heights - Boerum Hill""","301 / Brooklyn/ ""Greenpoint - Williamsburg""",2
"302 / Brooklyn/ ""Downtown Brooklyn - Fort Greene - Brooklyn Heights - Boerum Hill""","303 / Brooklyn/ ""Bedford Stuyvesant - Tompkins Park North - Stuyvesant Heights""",1
"302 / Brooklyn/ ""Downtown Brooklyn - Fort Greene - Brooklyn Heights - Boerum Hill""","107 / Manhattan/ ""Lincoln Square - Upper West Side""",1
"302 / Brooklyn/ ""Downtown Brooklyn - Fort Greene - Brooklyn Heights - Boerum Hill""","304 / Brooklyn/ ""Bushwick""",1
"303 / Brooklyn/ ""Bedford Stuyvesant - Tompkins Park North - Stuyvesant Heights""","302 / Brooklyn/ ""Downtown Brooklyn - Fort Greene - Brooklyn Heights - Boerum Hill""",1
"303 / Brooklyn/ ""Bedford Stuyvesant - Tompkins Park North - Stuyvesant Heights""","104 / Manhattan/ ""Chelsea - Clinton""",1
"303 / Brooklyn/ ""Bedford Stuyvesant - Tompkins Park North - Stuyvesant Heights""","303 / Brooklyn/ ""Bedford Stuyvesant - Tompkins Park North - Stuyvesant Heights""",1
"303 / Brooklyn/ ""Bedford Stuyvesant - Tompkins Park North - Stuyvesant Heights""","401 / Queens/ ""Astoria & Long Island City""",1
"304 / Brooklyn/ ""Bushwick""","101 / Manhattan/ ""Civic Center - Wall Street - Governors Island - Liberty Island - Ellis Island - Tribeca""",1
"304 / Brooklyn/ ""Bushwick""","303 / Brooklyn/ ""Bedford Stuyvesant - Tompkins Park North - Stuyvesant Heights""",2
"304 / Brooklyn/ ""Bushwick""","304 / Brooklyn/ ""Bushwick""",2
"304 / Brooklyn/ ""Bushwick""","164 / Manhattan/ ""Park""",1
"306 / Brooklyn/ ""Red Hook - Park Slope - Gowanus - Carroll Gardens - Cobble Hill""","402 / Queens/ ""Sunnyside & Woodside""",1
"306 / Brooklyn/ ""Red Hook - Park Slope - Gowanus - Carroll Gardens - Cobble Hill""","102 / Manhattan/ ""Greenwich Village - Noho - Soho - Little Italy""",5
"306 / Brooklyn/ ""Red Hook - Park Slope - Gowanus - Carroll Gardens - Cobble Hill""","301 / Brooklyn/ ""Greenpoint - Williamsburg""",4
"306 / Brooklyn/ ""Red Hook - Park Slope - Gowanus - Carroll Gardens - Cobble Hill""","306 / Brooklyn/ ""Red Hook - Park Slope - Gowanus - Carroll Gardens - Cobble Hill""",16
"306 / Brooklyn/ ""Red Hook - Park Slope - Gowanus - Carroll Gardens - Cobble Hill""","302 / Brooklyn/ ""Downtown Brooklyn - Fort Greene - Brooklyn Heights - Boerum Hill""",7
"306 / Brooklyn/ ""Red Hook - Park Slope - Gowanus - Carroll Gardens - Cobble Hill""","101 / Manhattan/ ""Civic Center - Wall Street - Governors Island - Liberty Island - Ellis Island - Tribeca""",1
"306 / Brooklyn/ ""Red Hook - Park Slope - Gowanus - Carroll Gardens - Cobble Hill""","106 / Manhattan/ ""Murray Hill - East Midtown - Stuyvesant Town""",4
"306 / Brooklyn/ ""Red Hook - Park Slope - Gowanus - Carroll Gardens - Cobble Hill""","103 / Manhattan/ ""Lower East Side - Chinatown - Two Bridges""",8
"306 / Brooklyn/ ""Red Hook - Park Slope - Gowanus - Carroll Gardens - Cobble Hill""","303 / Brooklyn/ ""Bedford Stuyvesant - Tompkins Park North - Stuyvesant Heights""",2
"306 / Brooklyn/ ""Red Hook - Park Slope - Gowanus - Carroll Gardens - Cobble Hill""","480 / Queens/ ""Airport""",4
"306 / Brooklyn/ ""Red Hook - Park Slope - Gowanus - Carroll Gardens - Cobble Hill""","307 / Brooklyn/ ""Sunset Park - Windsor Terrace""",2
"306 / Brooklyn/ ""Red Hook - Park Slope - Gowanus - Carroll Gardens - Cobble Hill""","308 / Brooklyn/ ""Crown Heights - Prospect Heights - Weeksville""",2
"306 / Brooklyn/ ""Red Hook - Park Slope - Gowanus - Carroll Gardens - Cobble Hill""","105 / Manhattan/ ""Midtown - Times Square - Herald Square - Midtown South""",6
"306 / Brooklyn/ ""Red Hook - Park Slope - Gowanus - Carroll Gardens - Cobble Hill""","107 / Manhattan/ ""Lincoln Square - Upper West Side""",2
"306 / Brooklyn/ ""Red Hook - Park Slope - Gowanus - Carroll Gardens - Cobble Hill""","104 / Manhattan/ ""Chelsea - Clinton""",1
"306 / Brooklyn/ ""Red Hook - Park Slope - Gowanus - Carroll Gardens - Cobble Hill""","355 / Brooklyn/ ""Park""",1
"307 / Brooklyn/ ""Sunset Park - Windsor Terrace""","104 / Manhattan/ ""Chelsea - Clinton""",1
"307 / Brooklyn/ ""Sunset Park - Windsor Terrace""","307 / Brooklyn/ ""Sunset Park - Windsor Terrace""",2
"307 / Brooklyn/ ""Sunset Park - Windsor Terrace""","102 / Manhattan/ ""Greenwich Village - Noho - Soho - Little Italy""",1
"307 / Brooklyn/ ""Sunset Park - Windsor Terrace""","306 / Brooklyn/ ""Red Hook - Park Slope - Gowanus - Carroll Gardens - Cobble Hill""",1
"308 / Brooklyn/ ""Crown Heights - Prospect Heights - Weeksville""","301 / Brooklyn/ ""Greenpoint - Williamsburg""",2
"308 / Brooklyn/ ""Crown Heights - Prospect Heights - Weeksville""","302 / Brooklyn/ ""Downtown Brooklyn - Fort Greene - Brooklyn Heights - Boerum Hill""",2
"308 / Brooklyn/ ""Crown Heights - Prospect Heights - Weeksville""","306 / Brooklyn/ ""Red Hook - Park Slope - Gowanus - Carroll Gardens - Cobble Hill""",2
"308 / Brooklyn/ ""Crown Heights - Prospect Heights - Weeksville""","308 / Brooklyn/ ""Crown Heights - Prospect Heights - Weeksville""",2
"308 / Brooklyn/ ""Crown Heights - Prospect Heights - Weeksville""","105 / Manhattan/ ""Midtown - Times Square - Herald Square - Midtown South""",1
"308 / Brooklyn/ ""Crown Heights - Prospect Heights - Weeksville""","309 / Brooklyn/ ""Crown Heights South - Prospect Lefferts Gardens - Wingate""",1
"309 / Brooklyn/ ""Crown Heights South - Prospect Lefferts Gardens - Wingate""","102 / Manhattan/ ""Greenwich Village - Noho - Soho - Little Italy""",1
"309 / Brooklyn/ ""Crown Heights South - Prospect Lefferts Gardens - Wingate""","108 / Manhattan/ ""Upper East Side - Lenox Hill - Yorkville - Roosevelt Island""",1
"309 / Brooklyn/ ""Crown Heights South - Prospect Lefferts Gardens - Wingate""","306 / Brooklyn/ ""Red Hook - Park Slope - Gowanus - Carroll Gardens - Cobble Hill""",1
"309 / Brooklyn/ ""Crown Heights South - Prospect Lefferts Gardens - Wingate""","303 / Brooklyn/ ""Bedford Stuyvesant - Tompkins Park North - Stuyvesant Heights""",1
"310 / Brooklyn/ ""Bay Ridge - Dyker Heights - Fort Hamilton""","104 / Manhattan/ ""Chelsea - Clinton""",1
"310 / Brooklyn/ ""Bay Ridge - Dyker Heights - Fort Hamilton""","310 / Brooklyn/ ""Bay Ridge - Dyker Heights - Fort Hamilton""",2
"312 / Brooklyn/ ""Borough Park - Ocean Parkway - Kensington""","301 / Brooklyn/ ""Greenpoint - Williamsburg""",1
"312 / Brooklyn/ ""Borough Park - Ocean Parkway - Kensington""","314 / Brooklyn/ ""Flatbush - Ocean Parkway - Midwood""",1
"314 / Brooklyn/ ""Flatbush - Ocean Parkway - Midwood""","306 / Brooklyn/ ""Red Hook - Park Slope - Gowanus - Carroll Gardens - Cobble Hill""",1
"314 / Brooklyn/ ""Flatbush - Ocean Parkway - Midwood""","314 / Brooklyn/ ""Flatbush - Ocean Parkway - Midwood""",6
"314 / Brooklyn/ ""Flatbush - Ocean Parkway - Midwood""","305 / Brooklyn/ ""East New York - New Lots - City Line - Starrett City""",1
"315 / Brooklyn/ ""Sheepshead Bay - Manhattan Beach - Kings Highway - Gravesend""","315 / Brooklyn/ ""Sheepshead Bay - Manhattan Beach - Kings Highway - Gravesend""",1
"316 / Brooklyn/ ""Ocean Hill - Brownsville""","308 / Brooklyn/ ""Crown Heights - Prospect Heights - Weeksville""",1
"318 / Brooklyn/ ""Canarsie - Flatlands - Marine Park - Mill Basin - Bergen Beach""","317 / Brooklyn/ ""Flatbush - Rugby - Farragut - Northeast Flatbush""",1
"355 / Brooklyn/ ""Park""","314 / Brooklyn/ ""Flatbush - Ocean Parkway - Midwood""",1
"401 / Queens/ ""Astoria & Long Island City""","402 / Queens/ ""Sunnyside & Woodside""",5
"401 / Queens/ ""Astoria & Long Island City""","105 / Manhattan/ ""Midtown - Times Square - Herald Square - Midtown South""",14
"401 / Queens/ ""Astoria & Long Island City""","401 / Queens/ ""Astoria & Long Island City""",46
"401 / Queens/ ""Astoria & Long Island City""","307 / Brooklyn/ ""Sunset Park - Windsor Terrace""",1
"401 / Queens/ ""Astoria & Long Island City""","104 / Manhattan/ ""Chelsea - Clinton""",5
"401 / Queens/ ""Astoria & Long Island City""","106 / Manhattan/ ""Murray Hill - East Midtown - Stuyvesant Town""",12
"401 / Queens/ ""Astoria & Long Island City""","108 / Manhattan/ ""Upper East Side - Lenox Hill - Yorkville - Roosevelt Island""",14
"401 / Queens/ ""Astoria & Long Island City""","303 / Brooklyn/ ""Bedford Stuyvesant - Tompkins Park North - Stuyvesant Heights""",1
"401 / Queens/ ""Astoria & Long Island City""","107 / Manhattan/ ""Lincoln Square - Upper West Side""",5
"401 / Queens/ ""Astoria & Long Island City""","412 / Queens/ ""Jamaica - South Jamaica - Hollis - St. Albans""",1
"401 / Queens/ ""Astoria & Long Island City""","111 / Manhattan/ ""East Harlem""",3
"401 / Queens/ ""Astoria & Long Island City""","405 / Queens/ ""Maspeth - Middle Village - Ridgewood - Glendale""",2
"401 / Queens/ ""Astoria & Long Island City""","403 / Queens/ ""Jackson Heights - East Elmhurst - North Corona""",10
"401 / Queens/ ""Astoria & Long Island City""","103 / Manhattan/ ""Lower East Side - Chinatown - Two Bridges""",4
"401 / Queens/ ""Astoria & Long Island City""","480 / Queens/ ""Airport""",1
"401 / Queens/ ""Astoria & Long Island City""","109 / Manhattan/ ""West Harlem - Morningside Heights - Manhattanville - Hamilton Heights""",2
"401 / Queens/ ""Astoria & Long Island City""","101 / Manhattan/ ""Civic Center - Wall Street - Governors Island - Liberty Island - Ellis Island - Tribeca""",3
"401 / Queens/ ""Astoria & Long Island City""","102 / Manhattan/ ""Greenwich Village - Noho - Soho - Little Italy""",1
"401 / Queens/ ""Astoria & Long Island City""","483 / Queens/ ""Airport""",1
"401 / Queens/ ""Astoria & Long Island City""","110 / Manhattan/ ""Central Harlem""",1
"401 / Queens/ ""Astoria & Long Island City""","202 / Bronx/ ""Hunts Point - Longwood""",1
"401 / Queens/ ""Astoria & Long Island City""","406 / Queens/ ""Rego Park & Forest Hills""",1
"401 / Queens/ ""Astoria & Long Island City""","164 / Manhattan/ ""Park""",2
"401 / Queens/ ""Astoria & Long Island City""","112 / Manhattan/ ""Washington Heights - Inwood""",1
"401 / Queens/ ""Astoria & Long Island City""","302 / Brooklyn/ ""Downtown Brooklyn - Fort Greene - Brooklyn Heights - Boerum Hill""",2
"401 / Queens/ ""Astoria & Long Island City""","206 / Bronx/ ""East Tremont - Bathgate - Belmont - West Farms""",1
"402 / Queens/ ""Sunnyside & Woodside""","108 / Manhattan/ ""Upper East Side - Lenox Hill - Yorkville - Roosevelt Island""",13
"402 / Queens/ ""Sunnyside & Woodside""","105 / Manhattan/ ""Midtown - Times Square - Herald Square - Midtown South""",16
"402 / Queens/ ""Sunnyside & Woodside""","403 / Queens/ ""Jackson Heights - East Elmhurst - North Corona""",4
"402 / Queens/ ""Sunnyside & Woodside""","102 / Manhattan/ ""Greenwich Village - Noho - Soho - Little Italy""",2
"402 / Queens/ ""Sunnyside & Woodside""","106 / Manhattan/ ""Murray Hill - East Midtown - Stuyvesant Town""",8
"402 / Queens/ ""Sunnyside & Woodside""","402 / Queens/ ""Sunnyside & Woodside""",15
"402 / Queens/ ""Sunnyside & Woodside""","107 / Manhattan/ ""Lincoln Square - Upper West Side""",2
"402 / Queens/ ""Sunnyside & Woodside""","111 / Manhattan/ ""East Harlem""",2
"402 / Queens/ ""Sunnyside & Woodside""","104 / Manhattan/ ""Chelsea - Clinton""",3
"402 / Queens/ ""Sunnyside & Woodside""","483 / Queens/ ""Airport""",1
"402 / Queens/ ""Sunnyside & Woodside""","103 / Manhattan/ ""Lower East Side - Chinatown - Two Bridges""",6
"402 / Queens/ ""Sunnyside & Woodside""","301 / Brooklyn/ ""Greenpoint - Williamsburg""",4
"402 / Queens/ ""Sunnyside & Woodside""","401 / Queens/ ""Astoria & Long Island City""",7
"402 / Queens/ ""Sunnyside & Woodside""","112 / Manhattan/ ""Washington Heights - Inwood""",1
"402 / Queens/ ""Sunnyside & Woodside""","404 / Queens/ ""Elmhurst & Corona""",2
"402 / Queens/ ""Sunnyside & Woodside""","480 / Queens/ ""Airport""",2
"402 / Queens/ ""Sunnyside & Woodside""","409 / Queens/ ""Woodhaven - Richmond Hill - Kew Gardens""",1
"402 / Queens/ ""Sunnyside & Woodside""","407 / Queens/ ""Flushing - Whitestone - College Point""",2
"402 / Queens/ ""Sunnyside & Woodside""","309 / Brooklyn/ ""Crown Heights South - Prospect Lefferts Gardens - Wingate""",1
"402 / Queens/ ""Sunnyside & Woodside""","101 / Manhattan/ ""Civic Center - Wall Street - Governors Island - Liberty Island - Ellis Island - Tribeca""",1
"403 / Queens/ ""Jackson Heights - East Elmhurst - North Corona""","403 / Queens/ ""Jackson Heights - East Elmhurst - North Corona""",3
"403 / Queens/ ""Jackson Heights - East Elmhurst - North Corona""","402 / Queens/ ""Sunnyside & Woodside""",3
"403 / Queens/ ""Jackson Heights - East Elmhurst - North Corona""","107 / Manhattan/ ""Lincoln Square - Upper West Side""",1
"403 / Queens/ ""Jackson Heights - East Elmhurst - North Corona""","112 / Manhattan/ ""Washington Heights - Inwood""",1
"403 / Queens/ ""Jackson Heights - East Elmhurst - North Corona""","404 / Queens/ ""Elmhurst & Corona""",1
"403 / Queens/ ""Jackson Heights - East Elmhurst - North Corona""","103 / Manhattan/ ""Lower East Side - Chinatown - Two Bridges""",1
"403 / Queens/ ""Jackson Heights - East Elmhurst - North Corona""","109 / Manhattan/ ""West Harlem - Morningside Heights - Manhattanville - Hamilton Heights""",1
"403 / Queens/ ""Jackson Heights - East Elmhurst - North Corona""","401 / Queens/ ""Astoria & Long Island City""",1
"403 / Queens/ ""Jackson Heights - East Elmhurst - North Corona""","108 / Manhattan/ ""Upper East Side - Lenox Hill - Yorkville - Roosevelt Island""",1
"404 / Queens/ ""Elmhurst & Corona""","204 / Bronx/ ""Highbridge - Concourse""",1
"404 / Queens/ ""Elmhurst & Corona""","406 / Queens/ ""Rego Park & Forest Hills""",1
"404 / Queens/ ""Elmhurst & Corona""","405 / Queens/ ""Maspeth - Middle Village - Ridgewood - Glendale""",1
"404 / Queens/ ""Elmhurst & Corona""","404 / Queens/ ""Elmhurst & Corona""",4
"404 / Queens/ ""Elmhurst & Corona""","105 / Manhattan/ ""Midtown - Times Square - Herald Square - Midtown South""",1
"404 / Queens/ ""Elmhurst & Corona""","403 / Queens/ ""Jackson Heights - East Elmhurst - North Corona""",2
"404 / Queens/ ""Elmhurst & Corona""","107 / Manhattan/ ""Lincoln Square - Upper West Side""",1
"404 / Queens/ ""Elmhurst & Corona""","401 / Queens/ ""Astoria & Long Island City""",1
"404 / Queens/ ""Elmhurst & Corona""","402 / Queens/ ""Sunnyside & Woodside""",1
"404 / Queens/ ""Elmhurst & Corona""","102 / Manhattan/ ""Greenwich Village - Noho - Soho - Little Italy""",1
"405 / Queens/ ""Maspeth - Middle Village - Ridgewood - Glendale""","105 / Manhattan/ ""Midtown - Times Square - Herald Square - Midtown South""",1
"405 / Queens/ ""Maspeth - Middle Village - Ridgewood - Glendale""","405 / Queens/ ""Maspeth - Middle Village - Ridgewood - Glendale""",1
"406 / Queens/ ""Rego Park & Forest Hills""","404 / Queens/ ""Elmhurst & Corona""",2
"406 / Queens/ ""Rego Park & Forest Hills""","406 / Queens/ ""Rego Park & Forest Hills""",2
"406 / Queens/ ""Rego Park & Forest Hills""","301 / Brooklyn/ ""Greenpoint - Williamsburg""",1
"406 / Queens/ ""Rego Park & Forest Hills""","106 / Manhattan/ ""Murray Hill - East Midtown - Stuyvesant Town""",2
"406 / Queens/ ""Rego Park & Forest Hills""","412 / Queens/ ""Jamaica - South Jamaica - Hollis - St. Albans""",1
"406 / Queens/ ""Rego Park & Forest Hills""","405 / Queens/ ""Maspeth - Middle Village - Ridgewood - Glendale""",1
"406 / Queens/ ""Rego Park & Forest Hills""","407 / Queens/ ""Flushing - Whitestone - College Point""",1
"407 / Queens/ ""Flushing - Whitestone - College Point""","401 / Queens/ ""Astoria & Long Island City""",1
"407 / Queens/ ""Flushing - Whitestone - College Point""","103 / Manhattan/ ""Lower East Side - Chinatown - Two Bridges""",1
"408 / Queens/ ""Fresh Meadows - Kew Gardens Hills - Jamaica Hills""","103 / Manhattan/ ""Lower East Side - Chinatown - Two Bridges""",1
"408 / Queens/ ""Fresh Meadows - Kew Gardens Hills - Jamaica Hills""","306 / Brooklyn/ ""Red Hook - Park Slope - Gowanus - Carroll Gardens - Cobble Hill""",1
"409 / Queens/ ""Woodhaven - Richmond Hill - Kew Gardens""","406 / Queens/ ""Rego Park & Forest Hills""",2
"409 / Queens/ ""Woodhaven - Richmond Hill - Kew Gardens""","409 / Queens/ ""Woodhaven - Richmond Hill - Kew Gardens""",1
"410 / Queens/ ""Howard Beach - Ozone Park - South Ozone Park""","410 / Queens/ ""Howard Beach - Ozone Park - South Ozone Park""",1
"410 / Queens/ ""Howard Beach - Ozone Park - South Ozone Park""","483 / Queens/ ""Airport""",1
"412 / Queens/ ""Jamaica - South Jamaica - Hollis - St. Albans""","104 / Manhattan/ ""Chelsea - Clinton""",2
"412 / Queens/ ""Jamaica - South Jamaica - Hollis - St. Albans""","103 / Manhattan/ ""Lower East Side - Chinatown - Two Bridges""",1
"480 / Queens/ ""Airport""","105 / Manhattan/ ""Midtown - Times Square - Herald Square - Midtown South""",36
"480 / Queens/ ""Airport""","112 / Manhattan/ ""Washington Heights - Inwood""",2
"480 / Queens/ ""Airport""","101 / Manhattan/ ""Civic Center - Wall Street - Governors Island - Liberty Island - Ellis Island - Tribeca""",4
"480 / Queens/ ""Airport""","108 / Manhattan/ ""Upper East Side - Lenox Hill - Yorkville - Roosevelt Island""",7
"480 / Queens/ ""Airport""","107 / Manhattan/ ""Lincoln Square - Upper West Side""",3
"480 / Queens/ ""Airport""","405 / Queens/ ""Maspeth - Middle Village - Ridgewood - Glendale""",1
"480 / Queens/ ""Airport""","104 / Manhattan/ ""Chelsea - Clinton""",10
"480 / Queens/ ""Airport""","401 / Queens/ ""Astoria & Long Island City""",2
"480 / Queens/ ""Airport""","413 / Queens/ ""Laurelton - Cambria Heights - Queens Village - Glen Oaks""",1
"480 / Queens/ ""Airport""","106 / Manhattan/ ""Murray Hill - East Midtown - Stuyvesant Town""",7
"480 / Queens/ ""Airport""","306 / Brooklyn/ ""Red Hook - Park Slope - Gowanus - Carroll Gardens - Cobble Hill""",1
"480 / Queens/ ""Airport""","303 / Brooklyn/ ""Bedford Stuyvesant - Tompkins Park North - Stuyvesant Heights""",1
"480 / Queens/ ""Airport""","109 / Manhattan/ ""West Harlem - Morningside Heights - Manhattanville - Hamilton Heights""",1
"480 / Queens/ ""Airport""","480 / Queens/ ""Airport""",2
"480 / Queens/ ""Airport""","208 / Bronx/ ""Kingsbridge - Riverdale - Marble Hill - Fieldston""",1
"480 / Queens/ ""Airport""","164 / Manhattan/ ""Park""",1
"480 / Queens/ ""Airport""","111 / Manhattan/ ""East Harlem""",2
"480 / Queens/ ""Airport""","102 / Manhattan/ ""Greenwich Village - Noho - Soho - Little Italy""",3
"480 / Queens/ ""Airport""","404 / Queens/ ""Elmhurst & Corona""",1
"480 / Queens/ ""Airport""","103 / Manhattan/ ""Lower East Side - Chinatown - Two Bridges""",1
"480 / Queens/ ""Airport""","403 / Queens/ ""Jackson Heights - East Elmhurst - North Corona""",1
"480 / Queens/ ""Airport""","301 / Brooklyn/ ""Greenpoint - Williamsburg""",1
"480 / Queens/ ""Airport""","305 / Brooklyn/ ""East New York - New Lots - City Line - Starrett City""",2
"480 / Queens/ ""Airport""","412 / Queens/ ""Jamaica - South Jamaica - Hollis - St. Albans""",2
"480 / Queens/ ""Airport""","307 / Brooklyn/ ""Sunset Park - Windsor Terrace""",1
"481 / Queens/ ""Park""","401 / Queens/ ""Astoria & Long Island City""",1
"481 / Queens/ ""Park""","105 / Manhattan/ ""Midtown - Times Square - Herald Square - Midtown South""",1
"483 / Queens/ ""Airport""","105 / Manhattan/ ""Midtown - Times Square - Herald Square - Midtown South""",19
"483 / Queens/ ""Airport""","402 / Queens/ ""Sunnyside & Woodside""",4
"483 / Queens/ ""Airport""","301 / Brooklyn/ ""Greenpoint - Williamsburg""",8
"483 / Queens/ ""Airport""","413 / Queens/ ""Laurelton - Cambria Heights - Queens Village - Glen Oaks""",3
"483 / Queens/ ""Airport""","408 / Queens/ ""Fresh Meadows - Kew Gardens Hills - Jamaica Hills""",10
"483 / Queens/ ""Airport""","106 / Manhattan/ ""Murray Hill - East Midtown - Stuyvesant Town""",13
"483 / Queens/ ""Airport""","302 / Brooklyn/ ""Downtown Brooklyn - Fort Greene - Brooklyn Heights - Boerum Hill""",7
"483 / Queens/ ""Airport""","104 / Manhattan/ ""Chelsea - Clinton""",7
"483 / Queens/ ""Airport""","410 / Queens/ ""Howard Beach - Ozone Park - South Ozone Park""",2
"483 / Queens/ ""Airport""","206 / Bronx/ ""East Tremont - Bathgate - Belmont - West Farms""",1
"483 / Queens/ ""Airport""","107 / Manhattan/ ""Lincoln Square - Upper West Side""",9
"483 / Queens/ ""Airport""","110 / Manhattan/ ""Central Harlem""",4
"483 / Queens/ ""Airport""","209 / Bronx/ ""Soundview - Castle Hill - Union Port - Parkchester""",2
"483 / Queens/ ""Airport""","314 / Brooklyn/ ""Flatbush - Ocean Parkway - Midwood""",1
"483 / Queens/ ""Airport""","480 / Queens/ ""Airport""",6
"483 / Queens/ ""Airport""","483 / Queens/ ""Airport""",8
"483 / Queens/ ""Airport""","412 / Queens/ ""Jamaica - South Jamaica - Hollis - St. Albans""",4
"483 / Queens/ ""Airport""","109 / Manhattan/ ""West Harlem - Morningside Heights - Manhattanville - Hamilton Heights""",3
"483 / Queens/ ""Airport""","315 / Brooklyn/ ""Sheepshead Bay - Manhattan Beach - Kings Highway - Gravesend""",1
"483 / Queens/ ""Airport""","407 / Queens/ ""Flushing - Whitestone - College Point""",3
"483 / Queens/ ""Airport""","303 / Brooklyn/ ""Bedford Stuyvesant - Tompkins Park North - Stuyvesant Heights""",3
"483 / Queens/ ""Airport""","411 / Queens/ ""Bayside - Douglaston - Little Neck - Auburndale""",5
"483 / Queens/ ""Airport""","306 / Brooklyn/ ""Red Hook - Park Slope - Gowanus - Carroll Gardens - Cobble Hill""",5
"483 / Queens/ ""Airport""","318 / Brooklyn/ ""Canarsie - Flatlands - Marine Park - Mill Basin - Bergen Beach""",5
"483 / Queens/ ""Airport""","311 / Brooklyn/ ""Bensonhurst - Mapleton - Bath Beach - Gravesend""",1
"483 / Queens/ ""Airport""","111 / Manhattan/ ""East Harlem""",3
"483 / Queens/ ""Airport""","112 / Manhattan/ ""Washington Heights - Inwood""",3
"483 / Queens/ ""Airport""","481 / Queens/ ""Park""",1
"483 / Queens/ ""Airport""","414 / Queens/ ""The Rockaways - Broad Channel""",2
"483 / Queens/ ""Airport""","307 / Brooklyn/ ""Sunset Park - Windsor Terrace""",1
"483 / Queens/ ""Airport""","108 / Manhattan/ ""Upper East Side - Lenox Hill - Yorkville - Roosevelt Island""",8
"483 / Queens/ ""Airport""","406 / Queens/ ""Rego Park & Forest Hills""",3
"483 / Queens/ ""Airport""","404 / Queens/ ""Elmhurst & Corona""",2
"483 / Queens/ ""Airport""","101 / Manhattan/ ""Civic Center - Wall Street - Governors Island - Liberty Island - Ellis Island - Tribeca""",5
"483 / Queens/ ""Airport""","403 / Queens/ ""Jackson Heights - East Elmhurst - North Corona""",4
"483 / Queens/ ""Airport""","310 / Brooklyn/ ""Bay Ridge - Dyker Heights - Fort Hamilton""",1
"483 / Queens/ ""Airport""","409 / Queens/ ""Woodhaven - Richmond Hill - Kew Gardens""",1
"483 / Queens/ ""Airport""","401 / Queens/ ""Astoria & Long Island City""",2
"483 / Queens/ ""Airport""","212 / Bronx/ ""Williamsbridge - Baychester - Woodlawn - Wakefield - Eastchester""",1
"483 / Queens/ ""Airport""","102 / Manhattan/ ""Greenwich Village - Noho - Soho - Little Italy""",4
"483 / Queens/ ""Airport""","502 / Staten Island/ ""Mid-Island""",1
"483 / Queens/ ""Airport""","164 / Manhattan/ ""Park""",1
"483 / Queens/ ""Airport""","312 / Brooklyn/ ""Borough Park - Ocean Parkway - Kensington""",2
"483 / Queens/ ""Airport""","309 / Brooklyn/ ""Crown Heights South - Prospect Lefferts Gardens - Wingate""",2
"483 / Queens/ ""Airport""","305 / Brooklyn/ ""East New York - New Lots - City Line - Starrett City""",1
